chembl_id,smiles,mw,hbd,hba,logp,rotb,ar
CHEMBL85118,COC(=O)CCCCCC1=N/C(=C\c2[nH]c(-c3ccc[nH]3)cc2OC)C=C1,367.44900000000007,2,4,4.4936000000000025,9,2
CHEMBL91137,CCCc1nnc([S+]([O-])Cc2ncc(C)c(OC)c2C)o1,309.3910000000001,0,6,2.35034,6,2
CHEMBL441229,C=C1C(O)C(O)C(O)C(O)C1O,176.168,5,5,-2.639300000000001,0,0
CHEMBL1068,NC(=O)N1c2ccccc2CC(=O)c2ccccc21,252.27299999999997,1,2,2.6422000000000008,0,2
CHEMBL105373,COc1cc(-n2sc3ncccc3c2=O)cc(OC)c1OC,318.3540000000001,0,6,2.473,4,3
CHEMBL313560,O=C(O)CCCc1ccc(NC(=O)c2ccccc2[N+](=O)[O-])cc1,328.32400000000007,2,4,3.2544000000000013,7,2
CHEMBL316995,CCCC(O)C#CCS(=O)(=O)c1ccc2ccccc2c1,302.39500000000004,1,3,2.7779000000000007,4,2
CHEMBL91439,CC/C(=N\NC(N)=O)c1ccc(Cl)c(Cl)c1,260.12399999999997,2,2,2.7758000000000003,3,1
CHEMBL68810,O=c1oc(-c2ccc(O)c(O)c2)cc2cccc(O)c12,270.24,3,5,2.576800000000001,1,3
CHEMBL303075,COc1cc(Cc2cnc(N)nc2N)cc(CC(C)O)c1O,304.35,4,7,0.8692999999999997,5,2
CHEMBL285648,O=C1C(N2CC2)=C(N2CC2)C(=O)c2c(O)cccc21,256.261,1,5,0.6140000000000001,2,1
CHEMBL51317,O=C(Nc1ccc2c(c1)-c1ccccc1C(=O)C2=O)c1ccccc1F,345.329,1,3,4.124000000000001,2,3
CHEMBL54405,Cc1ccc(-c2nc(CCC(=O)c3ccc(CC4SC(=O)NC4=O)cc3)co2)cc1,420.4900000000001,1,6,4.359620000000003,7,3
CHEMBL22576,CCCCc1cc(C(=O)OCC)cc(=O)n1Cc1ccc(-c2ccccc2C(=O)O)cc1,433.5040000000001,1,4,4.781100000000004,9,3
CHEMBL27814,CN(Cc1cnc2nc(N)nc(N)c2n1)c1ccc(C(=O)NCCCS(=O)(=O)O)cc1,446.4930000000002,4,10,0.2283000000000012,8,3
CHEMBL101615,Cc1ccc(NS(=O)(=O)c2ccc3c(c2)CCO3)c(=O)n1CC(=O)NCc1ccc2c[nH]nc2c1,493.54500000000024,3,6,2.085119999999999,7,4
CHEMBL6358,COc1cc2nc(N3CCN(C(=O)/C=C/c4ccc(F)cc4)CC3)nc(N)c2cc1OC,437.47500000000025,1,7,2.7303000000000006,5,3
CHEMBL7647,Oc1ccc2c(c1CCCSc1ccccc1)CCO2,286.3960000000001,1,3,4.052000000000004,5,2
CHEMBL312080,CCOC(=O)Nc1nc(Cc2c(Cl)cccc2Cl)nc(Nc2ccc(C#N)cc2)n1,443.29400000000015,2,7,4.952880000000003,6,3
CHEMBL79102,CC(CC(=O)O)NC(=O)CCCCc1ccc(C(=N)N)cc1,305.37799999999993,4,3,1.662869999999999,9,1
CHEMBL73222,O=C(O)c1cc(C(=O)O)c2ccc(Cl)c(Cl)c2n1,286.07000000000005,2,3,2.9380000000000006,2,2
CHEMBL430108,COc1ccc2c(c1)cc1c(NN)nncn12,229.243,2,5,1.1766999999999996,2,3
CHEMBL91114,O=C(N/C(C(=O)N1CCCCC1)=C(/Br)c1ccccc1)c1ccc([N+](=O)[O-])cc1,458.3120000000001,1,4,4.100800000000003,5,2
CHEMBL25456,COc1ccc(CC(=O)N2CCC(c3cc(Cc4ccc(OC)cc4)nc(N)n3)CC2)cc1,446.55100000000016,1,6,3.6155000000000017,7,3
CHEMBL417536,CN(C)c1nc(C(F)(F)F)nc2c1ncn2Cc1cccc(NC=O)c1,364.3310000000001,1,5,2.5277000000000003,5,3
CHEMBL20730,O[C@@H]1CCCC[C@H]1N1CCC(c2ccccc2)CC1,259.39300000000003,1,2,3.169500000000002,2,1
CHEMBL317844,CNCCC(=O)N1c2ccccc2NC(=O)c2ccccc21.Cl,331.80300000000005,2,3,2.948300000000001,3,2
CHEMBL104068,Oc1nc2nonc2nc1-c1ccccc1,214.18400000000003,1,6,1.3853999999999995,1,3
CHEMBL318607,CCCCn1c(=O)c2nc(C3CCCC3)[nH]c2n(CCCC)c1=O,332.44800000000015,1,3,3.1441000000000017,7,2
CHEMBL35583,Cc1nc2cc3ccccc3cc2c(=O)n1CC(=O)O,268.27199999999993,1,3,1.94272,2,3
CHEMBL90492,NS(=O)(=O)c1ccc(NC(=O)c2cccc(C(=O)O)n2)cc1,321.314,3,5,0.6795,4,2
CHEMBL316455,NS(=O)(=O)c1ccc(-n2nc(C(F)(F)F)c3c2-c2ccc(F)cc2CS3)cc1,429.4200000000001,1,4,3.950300000000002,2,3
CHEMBL23675,N/C(=C\C(=O)c1cccc(Cl)c1Cl)C(=O)O,260.07599999999996,2,3,2.1033,3,1
CHEMBL297328,O=C(COc1ccccc1)N[C@@H]1C(=O)N2C(C(=O)O)=C(Cl)CC[C@H]12,350.75800000000004,2,4,1.0898,5,1
CHEMBL283377,CC(C)C1c2sccc2CCN1C,195.33099999999996,0,2,2.933100000000002,1,1
CHEMBL417693,N#C/C(=C(/N)Sc1ccc(N)cc1N)c1cccc(C(O)c2ccc(C#N)cc2)c1,413.50600000000014,4,7,3.747560000000002,5,3
CHEMBL311110,O=C(O)C1=CCNC1,113.116,2,2,-0.3994,1,0
CHEMBL277551,Nc1nc(N[C@H]2CCCC[C@H]2NS(=O)(=O)c2cccc3ccccc23)nc2ccccc12,447.56400000000014,3,6,4.066800000000003,5,4
CHEMBL320703,CC1Cc2cccc(C(=O)NC3CC4CCC(C3)N4C)c2O1,300.402,1,3,2.365,2,1
CHEMBL21395,CCOc1cc(Cc2cnc(N)nc2N)ccc1OCc1ccccc1,350.4220000000001,2,6,3.209500000000002,7,3
CHEMBL25146,Nc1c(CC(=O)O)cccc1C(=O)c1ccccc1,255.273,2,3,2.1269,4,2
CHEMBL101317,N=C(N)NCc1ncc[nH]1,139.162,4,2,-0.6072299999999999,2,1
CHEMBL297403,N=C(N)c1ccc2[nH]c(CCCCCc3nc4cc(C(=N)N)ccc4[nH]3)nc2c1,388.479,6,4,2.962840000000001,8,4
CHEMBL290820,Oc1ccc2c(n1)c(-c1ccccc1)cn2Cc1ccccc1,300.36100000000005,1,2,4.457200000000004,3,4
CHEMBL34160,Oc1ccc2c(c1O)SCC[C@@H]2C1=NCCN1,250.32299999999995,3,5,1.6788999999999998,1,1
CHEMBL88685,CC(=O)O.CN(C(=O)C[C@@H](N)CCCCN)C1CN=C(Nc2ccccn2)NC1=O,421.50200000000007,5,8,-0.2563999999999948,8,1
CHEMBL293039,COc1cccc(OCC(=O)N[C@@H]2C(=O)N3C(C(=O)O)=C(Cl)CS[C@H]23)c1,398.82400000000007,2,6,1.0088999999999997,6,1
CHEMBL315561,Oc1[nH]c(S)nc2nc(-c3ccccc3)nc1-2,244.279,3,5,1.965799999999999,1,1
CHEMBL274333,O=C(CCS)N1CCCC1P(=O)(O)O,239.233,3,3,0.4324999999999999,3,0
CHEMBL439587,N=c1sc2cc(OC(F)(F)F)ccc2n1CCS(N)(=O)=O,341.33600000000007,2,5,1.3693699999999995,4,2
CHEMBL290402,CCCOc1ccc([N+](=O)[O-])cc1-c1nc2c(c(C)nn2C)c(=O)[nH]1,343.343,1,6,2.32902,5,3
CHEMBL277363,COc1ccc(C2Sc3ccccc3-n3c(CN(C)C)ccc32)cc1,350.4870000000001,0,3,4.742600000000004,4,3
CHEMBL42506,Cc1ccc(O)c(C(=O)NCCCN2CCC[C@@H]3CCCC[C@H]32)c1,330.4720000000001,2,3,3.475120000000002,5,1
CHEMBL81008,Oc1ccc2cccc(-c3cccnc3)c2n1,222.247,1,3,3.0024000000000024,1,3
CHEMBL62521,COc1c(C)nc2c(OCc3ccccc3)cccn12,268.31600000000003,0,3,3.2303200000000016,4,3
CHEMBL48060,CO[C@@]12C(COC(N)=O)C3=C(C(=O)C(C)=C(OCC4CCC4)C3=O)N1CC1NC12,403.4350000000002,2,8,0.2068000000000012,6,0
CHEMBL104234,CN1CC[C@]23c4c5ccc(O)c4O[C@H]2[C@@H](O)[C@@H](c2cccc([N+](=O)[O-])c2)CC3[C@H]1C5,408.4540000000002,2,6,2.724000000000001,2,2
CHEMBL82108,O=C(O)c1ccc(O)cc1C(=O)c1ccc(O)cc1,258.229,3,4,2.027,3,2
CHEMBL326667,CCCCCCCCOc1ccc2[nH]cc(CCN)c2c1,288.43500000000006,2,2,4.408400000000003,10,2
CHEMBL6385,COc1ccc2cc3n(c2c1)CCNC3,202.257,1,2,1.7531,1,2
CHEMBL96417,CC#CCOc1ccc(S(=O)(=O)N[C@@H](C(=O)NO)C(C)O)cc1,342.37300000000005,4,6,-0.378199999999999,7,1
CHEMBL70838,COc1cc2c(cc1OC)C1=NC(CN3CCN(c4ccccc4)CC3)CN1C(=O)N2,421.50100000000015,1,6,2.5023,5,2
CHEMBL41352,CNC(C(=O)O)c1cc(O)no1,172.14,3,5,-0.2747000000000004,3,1
CHEMBL92684,O=C(O)CN1C(C(=O)O)Nc2cc(Cl)cc(Cl)c2S1(=O)=O,355.1550000000001,3,5,0.9049,3,1
CHEMBL297887,O=C1C2CCCN2C(=O)N1CN1CCN(c2cccc(Cl)c2)CC1,348.83400000000006,0,4,1.8461,3,1
CHEMBL327642,CN(C(=O)C[C@@H](N)c1csc(CN)n1)C1CN=C(NC(N)=O)NC1=O.O=S(=O)(O)C(F)(F)F,518.5000000000001,6,10,-1.633199999999995,5,1
CHEMBL420364,Cc1cc2ncc(-c3ccc(O)c(O)c3)nc2cc1C,266.3,2,4,3.3248400000000027,1,3
CHEMBL55856,CC(C)CCNC(P(=O)(O)O)P(=O)(O)O,261.15099999999995,5,3,0.2610999999999997,6,0
CHEMBL34480,CCc1cc(/C=C/C(=O)O)ccc1NC(=O)c1cccc(NC2=NCCN2)c1,378.4320000000002,4,5,2.970200000000001,6,2
CHEMBL328754,Cl.c1ccc2cnccc2c1,165.62300000000002,0,1,2.6566,0,2
CHEMBL266957,Cc1cc(=O)n(C(=O)OC(C)(C)C)c2c3c(ccc12)OC(C)(C)C=C3,341.4070000000001,0,4,4.277320000000004,0,2
CHEMBL39679,O=C1NC(=O)/C(=C/c2ccccc2C(F)(F)F)N1,256.18299999999994,2,2,1.8856999999999997,1,1
CHEMBL75378,CCN(CC)COOC(C)(C)C,175.272,0,3,2.0324,5,0
CHEMBL20346,CSc1nc2nc(C(=O)c3ccccc3)cn2c2c1CSCC2,341.4610000000002,0,5,3.4715000000000016,3,3
CHEMBL24216,CCC1NC(=O)C(CCN(C(C)C)C(C)C)(c2ccccc2)C2CCCCN12,385.5960000000002,1,3,4.153700000000003,7,1
CHEMBL289480,C1COC(NC(C2CC2)C2CC2)=N1,180.251,1,3,1.1507999999999994,3,0
CHEMBL294697,Cc1cc(C)c2c(c1)NC(C(=O)O)CC2=O,219.24,2,3,1.7549399999999995,1,1
CHEMBL74830,CC[C@@]1(O)C(=O)OCc2c1cc1n(c2=O)Cc2c-1nc1cccc3c1c2CCS3,406.46300000000014,1,6,2.727800000000001,1,3
CHEMBL109799,O=C(CC(c1ccccc1)c1ccccc1)OCCN1CCCCCC1,351.49000000000024,0,3,4.627800000000004,7,2
CHEMBL289058,CCC(N)P(=O)(O)O,139.09099999999998,3,2,-0.1411,2,0
CHEMBL41444,COc1cccc2c1CC[C@H]1CN(CCn3c(=O)[nH]c4c(sc5ccc(Cl)cc54)c3=O)C[C@@H]21,482.0050000000001,1,5,4.2283000000000035,4,4
CHEMBL73214,CCSc1ccc2ncc(-c3ccnc(Nc4ccc(S(=O)(=O)NCCOC)cc4)n3)n2c1,484.60700000000026,2,8,3.571600000000002,10,4
CHEMBL276615,COc1ccc2c(-c3ccc4c(c3)OCO4)c(C(=O)O)n(-c3ccccc3)c2c1,387.391,1,4,4.733000000000003,4,4
CHEMBL79098,c1ccc(CCN2CCC(c3cc(-c4ccncc4)[nH]n3)CC2)cc1,332.45100000000014,1,3,3.8938000000000024,5,3
CHEMBL99177,COc1ccccc1N1CCN(CC(=O)N2CCCOc3c2cnn(C)c3=O)CC1,413.4780000000002,0,7,0.7266000000000006,4,2
CHEMBL110426,CCCOC1=Nc2c(cnn2-c2ccccc2)C2=N[C@@H](Cc3ccccc3)CN12,385.4710000000001,0,5,3.973500000000003,5,3
CHEMBL62697,COc1cc(NCc2ccc3ncnc(O)c3c2)cc(OC)c1OC,341.36700000000013,2,7,2.973300000000001,6,3
CHEMBL98615,O=C(O)c1ccc2ccc(C(=O)O)cc2c1,216.192,2,2,2.2362,2,2
CHEMBL74915,Cc1ccc(N)c(C(=O)NCCCCn2ccnc2)c1,272.352,2,3,1.98392,6,2
CHEMBL415866,C[C@@H]1Cc2cc(Br)cc3[nH]c(=O)c(=O)n(c23)[C@@H]1CC(=O)Nc1ccccc1,428.2860000000001,2,3,3.2144000000000013,3,3
CHEMBL417960,CC(=O)OCC1C2CC3CCC1N3C/C2=C\c1ccc(Cl)c(Cl)c1,366.288,0,3,4.4226000000000045,3,1
CHEMBL63857,O=C1OC(c2ccc(O)cc2)(c2ccc(O)cc2)c2ccccc21,318.32800000000003,2,4,3.560100000000002,2,3
CHEMBL21582,CN(C/C=C/c1ccccc1)CC1=CCCc2ccccc21,289.42199999999997,0,1,4.661400000000004,5,2
CHEMBL282594,CCCCc1nc(Cl)c(CC(=O)OC)n1Cc1ccc(N)cc1,335.83500000000004,1,4,3.225100000000001,7,2
CHEMBL320187,CC1(C)Oc2ccncc2[C@@H](n2ccccc2=O)[C@@H]1O,272.30400000000003,1,4,1.3645999999999998,1,2
CHEMBL102885,C/N=C(\S)n1nc(-c2ccc(C)cc2)nc1N,247.32700000000003,2,4,1.5994199999999998,1,2
CHEMBL94290,c1ccc(CN2CCC(CCNc3ccc(-c4cccnc4)nn3)CC2)cc1,373.50400000000013,1,5,4.252800000000002,7,3
CHEMBL65021,COc1cccc2c1-c1ccc(NS(C)(=O)=O)cc1C(c1ccccc1)O2,381.4530000000001,1,4,4.215500000000003,4,3
CHEMBL34243,CCC(=O)C1C(c2ccc3cc(CC)ccc3c2)CC2CCC1N2C,335.49100000000004,0,2,4.947600000000005,4,2
CHEMBL81232,O=C(O)CNC(=O)/C(=C\c1ccccc1)CS,251.307,3,3,1.2005999999999994,5,1
CHEMBL61469,O=C(O)CC(NC(=O)c1ccc(/C=C/C(=O)NC2=NCCCN2)s1)c1ccc2c(c1)OCO2,470.5070000000003,4,8,1.9013,7,2
CHEMBL329979,COc1cccc2c1cc(CCNC(C)=O)n2-c1ccccc1,308.381,1,2,3.317700000000001,5,3
CHEMBL330484,C#CCN(Cc1ccc2c(c1)C(=O)N[C@H](C)N2)c1ccc(C(=O)NC(CCC(=O)O)C(=O)O)cc1,478.5050000000003,5,6,1.8754999999999995,10,2
CHEMBL76349,Nc1nc(O)c2c(n1)CCc1c-2ccc2ccccc12,263.3,2,4,2.683200000000001,0,3
CHEMBL303038,O=C1NC(=S)S/C1=C\c1ccccc1[N+](=O)[O-],266.30300000000005,1,5,2.0835999999999997,2,1
CHEMBL292607,Cc1ccc(-c2cc(F)c(F)cc2-c2ccc(S(C)(=O)=O)cc2)nc1,359.3970000000001,0,3,4.405720000000004,3,3
CHEMBL300493,CC(C)(N)C(=O)N[C@H](Cc1ccc2ccccc2c1)C(=O)N1CCC2(CCc3ccccc32)CC1,469.6290000000004,2,3,4.111000000000003,5,3
CHEMBL283581,CCC(C)(C)/N=c1\c(O)c(O)\c1=N/Cc1c(C)cc(C)cc1C,314.42900000000003,2,4,3.088860000000002,4,2
CHEMBL321931,NCc1ccc(F)c(O)c1F,159.13499999999996,2,2,1.1291,1,1
CHEMBL100758,O=C1c2ccccc2CCN1O,163.176,1,2,1.0741,0,1
CHEMBL90867,COc1ccc2ccccc2c1/C=N/N=C(/N)S,259.33399999999995,2,3,2.4267999999999996,3,2
CHEMBL107251,CC(=N)NCc1cccc(CN)c1,177.25099999999998,3,2,1.23207,3,1
CHEMBL100891,CC1CN(C(=O)c2ccc(F)cc2)CCN1CCCC(=O)c1ccc(F)cc1,386.44200000000006,0,3,3.774200000000003,6,2
CHEMBL65491,CCc1c(OC)nc2nc(-c3nnc(-c4ccccc4)o3)cn2c1C,335.3670000000001,0,6,3.3257200000000022,4,4
CHEMBL309775,Nc1ncnc2c1nc(Cl)n2C1OC2COP(=O)(O)OC2C1O,363.65400000000005,3,9,-0.1640000000000002,1,2
CHEMBL74856,C/C(=N\N=C(/S)N/N=C(\S)Nc1ccccc1C)c1ccccn1,358.49600000000015,4,4,3.3023200000000017,4,2
CHEMBL1020,Cc1ccc(C(=O)c2ccc(CC(=O)O)n2C)cc1,257.289,1,2,2.1916200000000003,4,2
CHEMBL37873,CN(C(=O)NCCCOc1ccc2nc(O)ccc2c1)C1CCCCC1,357.45400000000024,2,4,3.6834000000000024,6,2
CHEMBL51881,CC(=O)N[C@@H](CSC(=O)c1ccccc1)C(=O)NCCSC(=O)C(C)C,396.53400000000016,2,6,2.0967,9,1
CHEMBL431053,Nc1ncnc2c1ncn2CC(O)C(=O)OCc1ccco1,303.27799999999996,2,8,0.1057999999999994,5,3
CHEMBL93015,CCCC(=O)c1cnc2c(OC)cccc2c1Nc1ccccc1CO,350.41800000000006,2,5,4.462100000000005,7,3
CHEMBL297228,c1ccc([C@H]2CCCC[C@@H]2NC2=NCCO2)cc1,244.338,1,3,2.6886,2,1
CHEMBL319223,CN(C)CCc1c[nH]c2ccc(N3CCN(C)S3(=O)=O)cc12,322.434,1,3,1.2686,4,2
CHEMBL423311,O=C(Nc1ccccc1)Nc1nc(-c2ccccn2)nc2ccccc12,341.374,2,4,4.335800000000002,3,4
CHEMBL329841,COc1ccc(C(O)c2nccc3cc(OC)c(OC)cc23)cc1,325.36400000000003,1,5,3.3423000000000025,5,3
CHEMBL47971,CCc1ccc(C#Cc2ccc(S(=O)(=O)N[C@H](Cc3c[nH]c4ccccc34)C(=O)O)s2)cc1,478.5950000000002,3,4,4.165800000000003,7,4
CHEMBL314967,CCc1cccc2c(/C=C(/C)C(=O)O)cc(OC)c(O)c12,286.327,2,3,3.6043000000000025,4,2
CHEMBL430732,CN1CCC2(c3cccc(O)c3)CC1C[C@@H](NC(=O)Cc1ccccc1)C2,364.48900000000015,2,3,3.2455000000000016,4,2
CHEMBL283328,COc1ccc(S(=O)(=O)N(Cc2cc(C)on2)[C@H](C)C(=O)NO)cc1,369.39900000000006,2,7,1.0764199999999997,7,2
CHEMBL49865,CC1(C)SC(=O)NN=C1c1ccc2c(c1)C(C)(C)C(=O)N2,303.387,2,4,2.8554000000000004,1,1
CHEMBL60747,COC(=O)c1cccc(-c2ccc3c(n2)C(=O)C(=N)C=C3O)n1,309.281,2,7,2.0451699999999997,2,2
CHEMBL92984,CCOC(=O)c1cc(C(C)(C)C)[nH]c1NC(=O)Nc1ccc(C)cc1,343.4270000000001,3,3,4.441320000000003,4,2
CHEMBL301617,NCCCC[C@H](N)C(=O)NC1CCN(c2nc3c(cc2F)c(=O)c(C(=O)O)cn3C2CC2)C1,460.5100000000003,4,7,0.719900000000002,9,2
CHEMBL417723,Cc1c(CC(=O)O)c2cc(OCCCO)ccc2n1C(=O)c1ccc(Cl)cc1,401.846,2,4,3.679920000000002,7,3
CHEMBL317803,O=C1C[C@H](Cc2ccccc2)N1C(=O)NCc1ccccn1,295.342,1,3,2.1348000000000003,4,2
CHEMBL33306,C=CC[C@](C)(C(=O)NO)[C@@H](CC(C)C)C(=O)N[C@H](C(=O)NC)C(C)(C)C,369.50600000000014,4,4,2.0134000000000003,9,0
CHEMBL76563,NS(=O)(=O)c1ccc(NC(=O)c2c(F)c(F)cc(F)c2F)cc1,348.277,2,3,2.1427000000000005,3,2
CHEMBL323482,CC(C)NCC(O)COc1cc(O)cc(O)c1,241.287,4,5,0.8354999999999995,6,1
CHEMBL107085,O=C(O)c1ccc(-c2ccc(Cl)cc2Cl)cc1,267.111,1,1,4.358600000000002,2,2
CHEMBL10787,O=C(O)C1CN=C(c2ccccc2O)N1,206.20100000000005,3,4,0.1952000000000001,2,1
CHEMBL11252,Cn1cc(NC(=O)c2cc(NC(=O)c3cc(NC=O)cn3C)cn2C)cc1C(=O)NCCC(=N)N,481.5170000000003,6,5,0.8308700000000004,10,3
CHEMBL21386,CN1CCOc2c(C(=O)NC[C@@H]3CCCN3Cc3ccccc3)cc(Cl)cc21,399.922,1,4,3.5630000000000024,5,2
CHEMBL52878,CN(C)CCn1c(=O)[nH]c2c([nH]c3ccccc32)c1=O,272.30800000000005,2,3,0.7327000000000002,3,3
CHEMBL281344,CCN(C(=O)N1C[C@@H](C(=O)O)[C@@H](N)[C@@H]1CNC(C)=O)C(C)C,314.3860000000001,3,4,-0.314899999999997,5,0
CHEMBL41561,CN(C)CCN1C(=O)c2cccc3c(O)c4ccccc4c(c23)C1=O,334.3750000000001,1,4,2.856200000000001,3,3
CHEMBL105911,Cl.N=C(N)N/N=C/c1ccccc1[N+](=O)[O-],243.654,3,4,0.8335699999999999,3,1
CHEMBL11470,Cn1ccc(=O)n(C)c1=O,140.142,0,2,-0.916,0,1
CHEMBL293157,O=C1NC(=O)c2c1c1c3ccccc3[nH]c1c1[nH]c3cc(F)ccc3c21,343.31700000000006,3,2,3.978300000000001,0,5
CHEMBL73944,CCCCCC(=O)N1C[C@H]([C@H](C)CNC(C)=O)C1=O,268.357,1,3,1.3239,7,0
CHEMBL14214,COc1ccc(-c2nnc3c4ccccc4c(N(C)CC(C)O)nn23)cc1,363.4210000000001,1,6,2.770100000000001,5,4
CHEMBL94314,CCCC(=O)c1cnc2c(CO)cccc2c1Nc1ccccc1C,334.41900000000004,2,4,4.7619200000000035,6,3
CHEMBL102790,Cn1cnc2ncnc-2c1S,166.209,1,4,0.6035999999999999,0,0
CHEMBL440856,C[C@H](CS)C(=O)N[C@@H](C)C(=O)N1CCC[C@@H]1C(=O)O,288.36899999999997,3,4,0.1325999999999995,5,0
CHEMBL6724,Nc1ccc(S(N)(=O)=O)cc1Br,251.105,2,3,0.6787000000000002,1,1
CHEMBL111099,CCCCCc1cc(O)c2c(c1)OC(C)(C)[C@@H]1CC=C(CO)CC21,330.4680000000001,2,3,4.708200000000005,5,1
CHEMBL446415,CCOCC1(CCN(C)C)c2ccccc2CCc2ccccc21,323.48,0,2,4.059500000000003,6,2
CHEMBL441956,CC(C)(C)/N=c1\c(O)c(O)\c1=N/Cc1cccc(F)c1,276.311,2,4,1.9126,2,2
CHEMBL421882,CC(C)C(NS(=O)(=O)c1ccc(-c2ccc(Br)cc2)cc1)C(=O)O,412.30500000000006,2,3,3.5036000000000014,6,2
CHEMBL39040,Cn1c(-c2ccc(Oc3ccccc3)cc2)nc2cc(C(=N)N)ccc21,342.4020000000001,2,3,4.316670000000002,4,4
CHEMBL19953,O/N=C/c1cnns1,129.144,1,5,0.3462,1,1
CHEMBL51287,COc1cccc(CN2CCC(C(=O)Nc3cc(Cl)c(N)cc3OC)CC2)c1,403.9100000000002,2,5,3.7901000000000016,6,2
CHEMBL77587,Nc1ccccc1Oc1ccccc1CC(=O)O,243.262,2,3,2.6882,4,2
CHEMBL327456,O=C1NC(=O)C(Cc2ccc(OCCc3nc(-c4ccccc4)oc3CO)cc2)S1,424.47800000000007,2,7,3.3495000000000026,8,3
CHEMBL31530,CCCCc1nc(NC2CCCCC2)c2sccc2n1,289.448,1,4,4.778500000000004,5,2
CHEMBL281438,CC1N[C@@H](C(=O)O)C(C)(C)S1,175.253,2,3,0.9006,1,0
CHEMBL109081,CCOC(=O)C1=C(c2ccccc2)N=C(C)/C(=C(/O)SCCOC)C1CC,389.5170000000002,1,6,4.610700000000004,8,1
CHEMBL28658,CC(=O)NCCCCNc1ccc(NCCN(C)C)c2c1C(=O)c1ccccc1C2=O,422.5290000000002,3,6,2.763700000000001,10,2
CHEMBL276627,CC(C)Oc1cccc(-n2c(NNC(=O)Nc3cccc(Cl)c3)nc3ccccc3c2=O)c1,463.9250000000002,3,5,4.974900000000003,6,4
CHEMBL897,CCCN(CCC)S(=O)(=O)c1ccc(C(=O)O)cc1,285.36499999999995,1,3,2.1955,7,1
CHEMBL59507,O=C1Nc2ccc(Cl)cc2C(C#CC2CC2)(C(F)(F)F)O1,315.67799999999994,1,2,4.073100000000001,0,1
CHEMBL417666,C[n+]1ccn(CCC#N)c1/C=N/O.[Cl-],214.65600000000003,1,3,-2.961619999999998,3,1
CHEMBL26470,Cc1noc(NS(=O)(=O)c2ccc(NC(=O)CN)cc2)c1C,324.3620000000001,3,6,0.98944,5,2
CHEMBL97605,Fc1ncccc1OCC1CCN1,182.198,1,3,0.9614,3,1
CHEMBL99424,CCCCCCOc1nsnc1[C@@H]1CN2CCC[C@H]1C2,295.45200000000006,0,5,3.306400000000002,7,1
CHEMBL37072,COc1ccc(S(=O)(=O)N(CC(=O)O)c2ccccc2)cc1,321.354,1,4,1.9751,6,2
CHEMBL321565,O=C1NC(=O)C(Cc2ccc(OCc3nc4cccnc4n3-c3ccccc3)cc2)S1,430.4890000000001,1,6,3.893600000000003,6,4
CHEMBL305932,CCN(CC)C(=O)[C@H]1CCC2C3CN(C#N)C4=CC(=O)CC[C@]4(C)C3CC[C@@]21C,397.5630000000003,0,4,3.963280000000004,3,0
CHEMBL72105,O=C(O)c1cc(C(=O)O)c2cc(I)ccc2n1,343.076,2,3,2.2358,2,2
CHEMBL294028,CC(/C(F)=C/c1ccc(Oc2ccc(F)cc2)o1)N(O)C(N)=O,324.283,2,4,3.679800000000003,5,2
CHEMBL36520,COc1ccc2c3c1O[C@H]1C(=O)[C@@H](C)CC4(O)C(C2)N(C)CCC314,329.39600000000013,1,5,1.2941999999999998,1,1
CHEMBL59123,c1ccc(C(CCNCCCCc2c[nH]cn2)c2ccccn2)nc1,335.455,2,4,3.334200000000002,10,3
CHEMBL299541,NS(=O)(=O)c1ccccc1-c1ccc(NC(=O)C2CC(c3ccccc3)=NO2)cc1,421.4780000000001,2,5,3.1327000000000016,5,3
CHEMBL430922,C[C@H](NC(=O)[C@H](Cc1ccccc1)NC(=O)OCc1ccccc1)C(=O)O,370.4050000000001,3,4,2.1134,8,2
CHEMBL62950,CN(C)CCO/N=C/[C@H]1CC[C@]2(O)C[C@@H](c3cccc(CO)c3)CC[C@]12C,374.52500000000015,2,5,3.1578000000000017,7,1
CHEMBL295597,COc1ccc2c(c1)c1oc(C(=O)Nc3nn[nH]n3)c(OC(C)C)c1n2-c1ccccc1,432.44000000000017,2,7,3.9379000000000017,6,5
CHEMBL65407,Cc1noc(NS(=O)(=O)c2ccsc2C(=O)Nc2ccccc2)c1Cl,397.8650000000001,2,6,3.7510200000000022,5,3
CHEMBL88613,CN(C)CCNC(=O)c1cccc2c1Oc1c(cccc1C(=O)NCCN(C)C)O2,412.49000000000024,2,6,2.1674,8,2
CHEMBL11760,CCCN(CCC)C1CCc2cccc(OC)c2C1,261.409,0,2,3.674500000000003,6,1
CHEMBL78779,Cc1c(Cc2ccc(F)cc2)c(=O)oc2cc(OC(=O)N(C)C)ccc12,355.3650000000001,0,4,3.891720000000003,3,3
CHEMBL82187,CCOc1cc2c(cc1O)/C(=N/O)CCC1C2CC[C@@]2(C)C1CC[C@@H]2O,359.4660000000001,3,5,4.033800000000003,2,1
CHEMBL63141,CCCc1ccc2c(c1)S(=O)(=O)c1cc(NC(C)=O)ccc1C2=O,343.40400000000005,1,4,2.9747000000000012,3,2
CHEMBL18824,NC[C@@H](O)c1ccc(O)c(O)c1,169.17999999999998,4,4,0.0898999999999999,2,1
CHEMBL306219,CCC(=O)OC(c1ccccc1)C1C2CN(C)CC1CN(C)C2,316.4450000000001,0,4,2.420300000000001,4,1
CHEMBL27387,O=C1NC(=O)c2c1c1c3ccccc3n3c1c1c2c2ccccc2n1C[S+]([O-])C3,399.43100000000015,1,3,3.463300000000002,0,5
CHEMBL80653,COC(=O)CC[C@H](C(=O)NO)N(Cc1ccc2c(c1)OCO2)S(=O)(=O)c1ccc(OC)cc1,480.4950000000003,2,9,1.4420000000000004,10,2
CHEMBL61970,Nc1ncnc2c1ncn2C(CO)OC(CO)CSCCO,329.38200000000006,4,9,-0.9976000000000004,9,2
CHEMBL319365,O=C1C(=O)c2ccccc2C(O)=C1C1CCC1,228.24699999999993,1,3,2.521200000000001,1,1
CHEMBL292300,N=C(N)c1ccc(NC(=O)c2cccc(-c3ccccc3)c2O)cc1,331.37500000000006,4,3,3.595570000000002,4,3
CHEMBL290410,CSCN1c2ncccc2C(=O)N(C)c2cccnc21,286.36,0,5,2.5252000000000008,2,2
CHEMBL288443,CC(=O)N1CCc2c(sc(NC(=O)C3CC3)c2C(=O)c2cccc(Cl)c2)C1,402.90300000000013,1,4,3.885600000000003,4,2
CHEMBL22174,C=CC(=O)N(c1ccc2c(c1)N(C(C)=O)CC2)C1CCN(Cc2ccccc2)CC1,403.5260000000002,0,3,3.779200000000003,5,2
CHEMBL285883,COc1ccccc1CNC(=O)c1ccc2c(Br)nccc2n1,372.222,1,4,3.3309000000000015,4,3
CHEMBL55609,CN(C)c1ccc(-c2nc(N)nc(O)c2Br)cc1,309.167,2,5,2.2599,2,2
CHEMBL295652,COc1ccc(N)cc1,123.155,1,2,1.2774,1,1
CHEMBL428688,CC1(C)Oc2ccc(C#N)cc2C(NC(=O)c2ccc(O)cc2)[C@@H]1O,338.36300000000006,3,5,2.26688,2,2
CHEMBL319076,CN1CC[C@H](c2ccc(Cl)cc2)[C@@H](CC(=O)NC23CC4CC(CC(C4)C2)C3)C1,400.9940000000003,1,2,4.850400000000004,4,1
CHEMBL6835,COCc1c2ccoc2c(OC)c2oc(=O)ccc12,260.24499999999995,0,5,2.6942000000000013,3,3
CHEMBL86442,COC(=O)[C@]12CCCN1C(=O)[C@H](NC(=O)OCc1ccccc1)CC2,346.3830000000001,1,5,1.6093999999999988,4,1
CHEMBL440294,NC(=O)C1(N2CCCCC2)CCN(CCCC(=O)c2ccc(F)cc2)CC1,375.48800000000006,1,4,2.5944000000000003,7,1
CHEMBL75715,O=C(CC1=NCCN1)NC(c1ccccc1)C1CCCCC1,299.4180000000002,2,3,2.8160000000000007,5,1
CHEMBL17213,CN1CCC(OC(=O)N2c3ccccc3C(=O)Nc3cccnc32)CC1,352.3940000000001,1,5,3.0162000000000013,1,2
CHEMBL274370,COc1ccc(-c2c(C(=O)O)n(-c3ccc4c(c3)OCO4)c3ccc(OC)cc23)cc1,417.4170000000002,1,5,4.741600000000004,5,4
CHEMBL6451,COc1noc2c1CNCC2.Cl,190.63,1,4,0.7506999999999999,1,1
CHEMBL47922,Nc1cc(O)nc(S)n1,143.17100000000002,3,5,0.0531,0,1
CHEMBL101527,Nc1nc(O)c2c(n1)NCC(COC(=O)c1ccc(C3(C(F)(F)F)N=N3)cc1)N2,409.328,4,10,2.0082999999999993,4,2
CHEMBL290453,CCCCc1nc(Cl)c(COC(C)=O)n1Cc1ccc(NC(=O)c2ccccc2C(=O)O)cc1,483.95200000000017,2,5,4.941000000000003,10,3
CHEMBL58702,Cc1ccccc1N1CCN(CCCCN2CC(=O)N3CCCCC3C2=O)CC1,398.5510000000003,0,4,2.12052,6,1
CHEMBL442346,CCOC(=O)Cc1ncc2c(n1)-c1ccc(Cl)cc1C(c1ccccc1F)=NC2,409.8480000000001,0,5,4.392700000000003,4,3
CHEMBL66494,O/N=C\c1ccc(-c2cncc(-c3ccc(/C=N/O)cc3)c2)cc1,317.348,2,5,4.031800000000002,4,3
CHEMBL33540,O=C(Nc1ncc[nH]1)c1cnc2c(C(F)(F)F)cccc2c1O,322.24600000000004,3,4,2.9346,2,3
CHEMBL45005,Cc1ccccc1C,106.168,0,0,2.30344,0,1
CHEMBL6235,Cn1cc(C2=C(c3cn(CCCCCN)c4ccccc34)C(=O)NC2=O)c2ccccc21,426.5200000000001,2,3,3.829200000000002,7,4
CHEMBL416897,CC(C)(C)OC(=O)c1ncn2c1CN(C(=O)N1CCOCC1)c1ccccc1-2,384.4360000000002,0,5,2.599800000000001,1,2
CHEMBL21554,CCCn1c(=O)c2c(nc(-c3ccc(C(=O)OC)cc3)n2C)n(CCC)c1=O,384.43600000000015,0,5,2.1703,6,3
CHEMBL11181,Cc1nc(N)ccc1CNC(=O)Cn1c(C)cc2c(c1=O)NC(=O)[C@](C)(CC(C)C)C2,425.53300000000024,3,5,2.3057399999999992,6,2
CHEMBL93629,NS(=O)(=O)c1ccc(Nc2nccc(-c3ccccn3)n2)cc1,327.369,2,6,1.9296,4,3
CHEMBL94898,CC(C#CC[N+](C)(C)C)N(C)C(=O)Nc1cccc(Cl)c1,308.83299999999997,1,1,2.9018000000000006,3,1
CHEMBL412905,Cn1[nH]c(=O)c2ccccc21,148.16499999999996,1,1,0.8666000000000003,0,2
CHEMBL441036,O=C(O)Cc1ccccc1Oc1ccc(Cl)c(O)c1Cl,313.13599999999997,2,3,4.118400000000002,4,2
CHEMBL49381,CC[C@H]1COc2c(-c3cc(C)nc(C)c3)c(F)cc3c(=O)c(C(=O)O)cn1c23,382.39100000000013,1,4,3.8611400000000016,3,3
CHEMBL445106,COc1cc(Br)c2c3c1C[C@H](N)C[C@@H]3CO2,284.153,1,3,2.2072000000000003,1,1
CHEMBL290217,CN1C[C@H](CO)C[C@@H]2c3cccc4[nH]cc(c34)C[C@H]21,256.349,2,2,2.1201999999999996,1,2
CHEMBL65003,CC(=O)NCCc1cccc(F)c1,181.21,1,1,1.5043000000000002,3,1
CHEMBL24031,CN(C)CC[C@@H]1CN(C)C(=S)c2cccnc2O1,265.382,0,4,1.4016,3,1
CHEMBL96782,COc1ccc(CC2NCCc3c2[nH]c2c(C)c(C)ccc32)cc1OC,350.46200000000005,2,3,4.231440000000004,4,3
CHEMBL290583,COC(=O)Nc1ccc(Cl)c(-c2nc3cc(Cl)ccc3n2C)c1,350.20500000000004,1,3,4.725400000000002,2,3
CHEMBL13283,Cc1c(O)n(Cc2ccc(F)cc2)c2nc3c(c(=O)n(C)c(=O)n3C)n2c1=O,385.35500000000013,1,5,0.2480199999999996,2,4
CHEMBL13299,COC(=O)c1ccccc1OCC(O)CNCCNC(=O)Nc1ccccc1,387.436,4,6,1.624199999999999,10,2
CHEMBL299952,Nc1nc(O)c2[nH]cc(CC3CCCCC3)c2n1,246.3139999999999,3,4,2.3685,2,2
CHEMBL7567,COc1cccc(N(C)c2ccc(NC(=O)C3CC3)cc2)c1,296.37,1,3,3.811600000000002,5,2
CHEMBL22123,CC(=O)NC[C@@H]1OC(=O)N2c3ccc(-c4ccncc4)cc3C[C@@H]12,323.3520000000001,1,4,2.1346,3,2
CHEMBL25611,COc1ccc(CCC(=O)N2CCC(N3C(=O)OCc4ccccc43)CC2)c(OC)c1,424.49700000000024,0,5,3.784200000000003,6,2
CHEMBL446153,COc1ccc2c(c1OC)-c1ccc(OC)c(=O)cc1[C@@H](NC(C)=O)CC2,369.41700000000014,1,5,2.8630000000000013,4,2
CHEMBL39520,CO/N=C(/C(=O)N[C@H]1CN(c2c([O-])c(=O)c2=O)C1=O)c1csc(N)n1.[K+],403.417,2,10,-5.7189999999999985,5,2
CHEMBL26862,O=C(O)C1(O)CCC(O)C(CP(=O)(O)O)C1,254.175,5,4,-0.8592,3,0
CHEMBL52097,CNC(=O)N1c2ccccc2-n2cnc(-c3noc(C4CC4)n3)c2C1(C)C,364.40900000000016,1,5,3.194200000000002,2,3
CHEMBL64977,O=C(O)CCC/C=C1/C[C@H]2C[C@@H](O)[C@H](/C=N/NC(=O)Nc3ccc([N+](=O)[O-])cc3)[C@H]2C1,430.4610000000002,4,6,3.290400000000001,8,1
CHEMBL15531,CCC1CN(c2cc3c(cc2F)c(=O)c(C(=O)O)cn3C2CC2)CCN1,359.4010000000001,2,4,2.3619000000000003,4,2
CHEMBL95387,CC(=O)c1ccc2c(c1)[C@H](NC(=O)c1cccc(Cl)c1Cl)[C@@H](O)C(C)(C)O2,408.2810000000002,2,4,4.199000000000003,3,2
CHEMBL44916,Cc1csc(-c2cc(-c3ccc(C#N)cc3)c3n(c2=O)CCCc2ccncc2-3)n1,410.50200000000024,0,5,4.827100000000005,2,4
CHEMBL92729,COc1ccc(C)c(Nc2c(C#N)cnc3cc4c(cc23)ncn4CCN2CCOCC2)c1,442.5230000000003,1,7,3.849000000000003,6,4
CHEMBL74196,N=C(N)Nc1ccc(-c2ccc(NC(=N)N)cc2)cc1,268.324,6,2,1.9643399999999995,3,2
CHEMBL418253,CC(=O)N1CCc2c(sc(NC(=O)C3CC3)c2C(=O)c2ccccc2C)C1,382.4850000000001,1,4,3.5406200000000023,4,2
CHEMBL297706,NS(=O)(=O)c1cc(C(=O)N[C@@H](Cc2c[nH]cn2)C(=O)O)ccc1Cl,372.7900000000001,4,5,0.1362000000000013,6,2
CHEMBL48760,CC(C)c1ccc(/C=C2/C(=O)Nc3ccccc32)cc1,263.34,1,1,4.302700000000002,2,2
CHEMBL90964,COP(=O)([O-])C(=O)[O-].[Na+].[Na+],183.995,0,5,-7.4625,2,0
CHEMBL278064,N#C/N=C1\N(CCCCCCOc2ccc(Cl)cc2)C(=O)CN1c1ccncc1,411.89300000000014,0,5,3.8600800000000026,9,2
CHEMBL67196,COc1ccc2[nH]c(Cc3ccc(Oc4ccccc4)cc3)nc2c1,330.38700000000006,1,3,4.954600000000004,5,4
CHEMBL70294,Nc1nc(N)c2ncn(OCC(CO)CCP(=O)(O)O)c2n1,332.257,5,8,-1.4044000000000003,7,2
CHEMBL98578,Cc1sc(C)c2c1CCc1cn(C)nc1-2,218.325,0,2,2.864040000000001,0,2
CHEMBL53335,NCC1OCc2cc(O)c(O)cc21,181.19099999999997,3,4,0.6277999999999997,1,1
CHEMBL303791,CN1C(=O)c2ccc(Cl)cc2C(CC(N)=O)C1=O,266.68399999999997,1,3,0.9112000000000002,2,1
CHEMBL60457,CC(=O)OCC[N+](C)(C)C.[I-],273.11400000000003,0,2,-2.740299999999996,3,0
CHEMBL35558,c1ccc(CN2CC3CCC(C3)C2)cc1,201.313,0,1,2.9185000000000016,2,1
CHEMBL79646,CCCOc1nc(SC)nc2c(Br)cnn12,303.185,0,5,2.3975,4,2
CHEMBL72443,CC(=O)NC1CCN(S(=O)(=O)c2ccc(F)cc2)CC1,300.3550000000001,1,3,1.1148999999999996,3,1
CHEMBL301562,CCc1ccc([C@H]2C[C@H]3CCC(N3)C2C(=O)OC)cc1,273.376,1,3,2.646100000000001,3,1
CHEMBL326682,CN(C)c1ncnc2c1ncn2C1CCCCCC1,259.35699999999997,0,4,2.787600000000001,2,2
CHEMBL276073,CCCCCCC(C(C)O)n1cnc(C(=N)N)c1,252.362,3,3,2.05947,8,1
CHEMBL310944,COc1ccc(S(=O)(=O)Nc2onc(C)c2C)cc1OC,312.34700000000004,1,6,2.10944,5,2
CHEMBL47909,CCO/C(O)=C1\C(COCCNC)=NC(C)=C(C(=O)OC)C1c1ccccc1Cl,422.9090000000001,2,7,3.367300000000002,9,1
CHEMBL49827,Cc1cnc2[nH]c(-c3cccc(Cl)c3)cc(=O)c2c1,270.719,1,2,3.5519200000000017,1,3
CHEMBL39932,Cn1c(=O)c2c(cc(-c3ccc4ccccc4c3)n2O)n(C)c1=O,321.33600000000007,1,3,2.0961999999999996,1,4
CHEMBL294126,CCOc1cc2ncnc(Nc3cccc(F)c3)c2cc1OCC,327.35900000000015,1,5,4.309900000000003,6,3
CHEMBL106145,COc1cc(NS(C)(=O)=O)ccc1Nc1c2ccccc2nc2c(OCC(=O)O)cccc12,467.5030000000002,3,7,3.975100000000002,8,4
CHEMBL29080,COc1cc([C@@H]2c3cc4c(cc3[C@@H](Nc3ccc(O)cc3)[C@H]3COC(=O)[C@H]23)OCO4)cc(OC)c1O,491.4960000000003,3,9,3.931600000000002,5,3
CHEMBL23693,O=c1oc2ncccc2n1CCCCCN1CCN(c2ccc(F)cc2)CC1,384.455,0,5,3.121100000000002,7,3
CHEMBL65495,S=c1[nH]ccn1Cc1ccc(Cl)c(Cl)c1,259.161,1,1,3.9007900000000015,2,2
CHEMBL109397,O=S(=O)(Nc1ccc(CCNC[C@H](O)c2cccc(Cl)c2)cc1)N1CCCCC1,437.9930000000002,3,4,3.348300000000002,9,2
CHEMBL31411,CCOC(=O)CCNCC(O)COc1ccc(Cl)cc1,301.77,2,5,1.6224999999999996,9,1
CHEMBL58121,COc1cc2c(cc1OC)[C@H]1C[C@@](O)(C(C)(C)C)[C@H](CC(C)C)CN1CC2,375.55300000000017,1,4,4.446200000000005,4,1
CHEMBL66062,N[C@@H](Cc1ccc(OC(C(=O)O)C(=O)O)cc1)C(=O)O,283.236,4,5,-0.4423999999999997,7,1
CHEMBL289659,O=C1NC(=O)/C(=C\c2c(Cl)cccc2Cl)N1,257.07599999999996,2,2,2.1737,1,1
CHEMBL306651,O=C1Nc2ccccc2C2=NC(CN3CCN(C(c4ccccc4)c4ccc(Cl)cc4)CC3)CN12,486.0190000000002,1,4,4.723500000000005,5,3
CHEMBL105646,CCCN1CCOC(c2cccc(Cl)c2)C1,239.746,0,2,3.123300000000002,3,1
CHEMBL330000,COCCCNc1nc(Cl)nc2c1ncn2C,255.70900000000003,1,5,1.4650999999999998,5,2
CHEMBL59168,Cc1cccc(CSc2ncnc3c2ncn3[C@@H]2O[C@H](CO)[C@@H](O)[C@H]2O)c1,388.4490000000001,3,8,1.0385199999999997,5,3
CHEMBL41688,CCOC(=O)CCN1C(=O)Cc2ccccc2C1=O,261.277,0,4,1.1646999999999998,4,1
CHEMBL93190,N=C(N)c1cccc(CN2CC[C@H](NS(=O)(=O)c3ccc4ccc(Cl)nc4c3)C2=O)c1,457.94300000000015,3,5,2.2516700000000007,6,3
CHEMBL316191,CN1CCN(Cc2cccc(C(=O)OCn3ncc4c(=O)[nH]cnc43)c2)CC1,382.42400000000015,1,7,0.6814999999999996,5,3
CHEMBL77871,CN(C)c1ccc(C2Nc3ccc(Cl)cc3S(=O)(=O)N2)cc1,337.832,2,4,2.808600000000001,2,2
CHEMBL100992,COC(=O)Cn1cc(-c2nc(N)c3ncn([C@@H]4O[C@H](CO)[C@@H](O)[C@H]4O)c3n2)cn1,405.3710000000001,4,11,-1.943499999999999,5,3
CHEMBL281369,CC(=O)N1CCN(C(=O)/C=C/c2ccc(Sc3ccc4cc[nH]c4c3)c(Cl)c2)CC1,439.9680000000002,1,3,4.6764000000000046,4,3
CHEMBL275460,Cc1cccc(Cl)c1NN=C1CCC(C)n2c1ncc(C(=O)O)c2=O,360.8010000000001,2,5,3.07432,3,2
CHEMBL104530,CCOc1ccc(C(=O)N2CCC(N3C(=O)OCc4ccccc43)CC2)c(OC)c1,410.47000000000014,0,5,3.8553000000000033,5,2
CHEMBL20085,CCCC(=O)N(Cc1ccc(C#N)cc1)c1c(NC(C)C(C)(C)C)c(=O)c1=O,381.4760000000002,1,5,3.334080000000002,7,2
CHEMBL288961,Cc1noc(CCCc2ccc3[nH]cc(CCN)c3c2)n1,284.363,2,4,2.53582,6,3
CHEMBL82456,Cc1c(F)c(Oc2cccc(C(=O)N(C)C)c2)nc(Oc2cc(C(=N)N)cc(O)c2O)c1F,458.42100000000016,4,7,3.649890000000001,6,3
CHEMBL27998,CC(=O)Oc1ccc2[nH]cc(C3=CCN(C)CC3)c2c1,270.332,1,3,2.812100000000001,2,2
CHEMBL304124,c1ccc2c(c1)nnn2Cc1nc2ccccc2n1CCN1CCCC1,346.4380000000003,0,4,2.9251000000000005,5,4
CHEMBL282199,CC1CCN(CC[C@H]2CCCN2S(=O)(=O)c2cccc(O)c2)CC1,352.5000000000001,1,4,2.667300000000001,5,1
CHEMBL295484,Cc1nc(C)c(-c2ccnc(Nc3ccc(N(C)C)c([N+](=O)[O-])c3)n2)s1,370.4380000000001,1,8,3.9347400000000023,5,3
CHEMBL277111,COc1cc2c(cc1C(F)(F)F)N(C(=O)Nc1ccc(-c3cccnc3)nc1)CC2,414.3870000000001,1,4,4.765600000000004,3,3
CHEMBL84857,O=C1NC(=O)C(Cc2ccc(OCCc3coc(-c4ccccc4)n3)cc2)S1,394.452,1,6,3.8572000000000033,7,3
CHEMBL84966,NC1CCCCCN(CC(=O)O)C1=O,200.238,2,3,-0.1991000000000003,2,0
CHEMBL87378,CCCC1CCC(c2ccc(-c3ccccc3-c3nn[nH]n3)cc2)n2c(O)nnc21,401.4740000000001,2,6,4.097700000000004,5,4
CHEMBL323049,COc1ccnc2c1C(=O)c1c(-c3ccccc3NC(=O)C(F)(F)F)ccnc1C2=O,427.33800000000014,1,6,3.4284000000000017,3,3
CHEMBL102726,c1ccc(CNc2ncnc3ccccc23)cc1,235.29,1,3,3.241900000000001,3,3
CHEMBL288685,N/C(=N/Cc1ccc([N+](=O)[O-])cc1)NO,210.193,3,4,0.3882999999999997,3,1
CHEMBL298318,C/N=C(/S)[C@@]1(c2cccnc2)CCCC[C@@H]1CCNS(=O)(=O)c1ccccc1,417.6000000000001,2,4,3.8363000000000023,7,2
CHEMBL25155,N/C(=C\C(=O)c1ccc(F)cc1)C(=O)O,209.176,2,3,0.9356000000000002,3,1
CHEMBL293752,CC[C@@H]1CN2CCc3c([nH]c4cccc(OC(C)=O)c34)[C@@H]2C[C@@H]1/C(=C\OC)C(=O)OC,426.51300000000026,1,6,3.741800000000003,5,2
CHEMBL311164,CCCn1c(=O)c2nc(-c3ccc(OCOC(=O)NCCN)cc3)[nH]c2n(CCC)c1=O,444.49200000000025,3,7,1.3945,10,3
CHEMBL281359,O=C(Cn1c(C2CCNCC2)nc2cc(Cl)c(Cl)cc21)NNC(=O)Nc1ccccc1,461.35300000000007,4,4,3.663000000000001,4,3
CHEMBL60324,C[C@@H]1CCCO[C@@]12CC[C@H](C)[C@@H](COCc1ccccc1)O2,304.43,0,3,4.161100000000004,4,1
CHEMBL14231,Cc1cc([N+](=O)[O-])ccc1Cn1ccnc1,217.228,0,3,2.14802,3,2
CHEMBL285215,C=C(CN(C)C)C(=O)c1ccc(Cl)cc1,223.703,0,2,2.640500000000001,4,1
CHEMBL79013,COC[C@H](Cc1ccccc1)NC(=O)c1c(C)n(CCN2CCOCC2)c2c(OC)cccc12,465.5940000000004,1,5,3.2780200000000015,10,3
CHEMBL82031,Cc1cc(CCCOc2c(C)cc(-c3noc(S)n3)cc2C)on1,345.42400000000004,1,7,3.950160000000003,6,3
CHEMBL288769,Cc1cccc2c1OP(=O)(OCC1CCC(n3cnc4c(O)ncnc43)O1)OC2,418.3460000000001,1,9,3.2518200000000004,4,3
CHEMBL300689,CC1CN(C)CCC12COc1c(O)cccc12,233.311,1,3,1.994,0,1
CHEMBL43105,N=C(N)c1cccc(Oc2ccccc2C(=O)Nc2ccc(-c3ccccc3S(N)(=O)=O)cc2)c1,486.55300000000017,4,5,4.329670000000002,7,4
CHEMBL108615,NC(Cc1ccc(O)cc1)C(=O)O,181.19099999999997,3,3,0.3466,3,1
CHEMBL70811,S=C(NCCCCCc1c[nH]cn1)NCc1ccccc1,302.44700000000006,3,2,2.7868000000000013,8,2
CHEMBL47696,COc1cc(CC(C)N)ccc1C,179.263,1,2,1.89332,3,1
CHEMBL79166,CN1CCC[C@@H]1Cc1c[nH]c2ccc(-n3cnc4ccccc43)cc12,330.43500000000006,1,2,4.143500000000003,3,4
CHEMBL15152,C/N=C(\NC#N)NCCSCn1nc(-c2ccc(Cl)cc2)ccc1=O,376.8730000000001,2,5,1.90048,6,2
CHEMBL99039,CC1(C)N=C(N)N=C(N)N1c1ccc(CCCCc2ccccc2)cc1,349.482,2,5,3.4375000000000018,6,2
CHEMBL277193,N[C@H](C(=O)N1C[C@@H](F)[C@H](F)C1)[C@H]1CC[C@H](NS(=O)(=O)c2ccc(F)cc2F)CC1,437.4590000000002,2,4,1.6475999999999995,5,1
CHEMBL27217,CCOc1ccc(OCC(=O)CSCCC(=O)O)cc1,298.35999999999996,1,5,2.2411000000000003,10,1
CHEMBL308828,CN1C(=O)c2[nH]c(CC3CCCCC3)nc2N2C1=N[C@@H]1CCC[C@@H]12,327.4320000000001,1,4,2.715200000000001,2,1
CHEMBL69273,CCCN1CCC2c3c(cccc3C(N)=O)CC[C@@H]21,258.36499999999995,1,2,2.2996000000000008,3,1
CHEMBL95248,COc1ccccc1N(C(=O)c1ccco1)C1CCN(CCc2ccccc2)CC1C,418.5370000000002,0,4,4.888100000000005,7,3
CHEMBL74843,CC(O)CN(C(=O)NCCCl)C1CCCCC1,262.78099999999995,2,2,1.9503,5,0
CHEMBL89166,O=c1oc2ccccc2c(O)c1SCCOc1ccccc1,314.36199999999997,1,5,3.6697000000000024,5,3
CHEMBL41818,NCCc1cc(O)c(O)cc1F,171.17099999999996,3,3,0.7380999999999998,2,1
CHEMBL50628,COC(=O)[C@H](c1ccc(C)cc1)[C@@H]1CCCN1.Cl,269.772,1,3,2.4254200000000004,3,1
CHEMBL441739,COc1ccc(/C=C(/C#N)c2cc(OC)c(OC)c(OC)c2)cc1[N+](=O)[O-],370.3610000000001,0,7,3.693380000000003,7,2
CHEMBL86049,CO[C@H]1C(=O)N2C(C(=O)OC(C)(C)C)=C(COC(=O)NCc3ccccc3)CS(=O)(=O)C12,466.51200000000017,1,8,1.1202999999999994,6,1
CHEMBL37500,COc1cccc(-c2noc(C3CN4CCC3CC4)n2)c1,285.347,0,5,2.5544,3,2
CHEMBL45648,Nc1ccc(Cc2ccc(OCc3ccccc3)cc2)cc1,289.378,1,2,4.438600000000003,5,3
CHEMBL315543,Oc1nc(NCC2CCCCC2)nc2ccc(I)cc12,383.233,2,4,3.9322000000000026,3,2
CHEMBL320585,CC1(C)OC(=O)C(Oc2ccc(Cl)cn2)=C1c1ccc(S(C)(=O)=O)cc1,393.8480000000001,0,6,3.264000000000002,4,2
CHEMBL30971,CCC(C)C(N)C(=O)N1CCN(CCNc2ccnc3cc(Cl)ccc23)CC1,403.95800000000014,2,5,2.817700000000001,7,2
CHEMBL71909,O=C(Cc1ccc(Cl)c(Cl)c1)N1CCn2ncnc2[C@H]1CN1CCCC1,394.3060000000002,0,4,2.806700000000001,4,2
CHEMBL79192,Cc1ccc(S(=O)(=O)NC(=O)Nc2ccccc2)cc1,290.34400000000005,2,3,2.505420000000001,3,2
CHEMBL276555,Cc1cccc(S(=O)(=O)N[C@@H](CNC(=O)C[C@H]2CC(c3ccc(C(=N)N)cc3)=NO2)C(=O)O)c1.O=C(O)C(F)(F)F,601.5600000000004,6,8,1.343390000000001,10,2
CHEMBL22923,C[C@@H]1OC(=O)C[C@H]1C/C=C/[C@H]1CCCCN1C,237.34299999999993,0,3,2.3686000000000007,3,0
CHEMBL294447,Cc1ccc2[nH]c(C(=O)NCCCCCCC(=O)NO)cc2c1,317.38899999999995,4,3,2.66202,8,2
CHEMBL288808,COc1ccc(C(=O)Nc2ccncc2)c2cccnc12,279.29900000000004,1,4,2.8907000000000007,3,3
CHEMBL19977,O=C(O)C(=O)CC(=O)c1cc(OCc2ccccc2)cc(OCc2ccccc2)c1,404.4180000000001,1,5,4.071100000000003,10,3
CHEMBL317797,C/C=C/COc1cc(NC(=S)c2ccoc2C)ccc1Cl,321.82900000000006,1,3,4.983920000000003,5,2
CHEMBL110251,CC(Cc1cnc2nc(N)nc(N)c2c1)c1ccc(C(=O)NC(CCC(=O)O)C(=O)O)cc1,452.47100000000023,5,8,1.5831999999999995,9,3
CHEMBL23425,Cc1ccc(SCc2cnc3nc(N)nc(N)c3n2)cc1,298.37500000000006,2,7,2.184919999999999,3,3
CHEMBL310086,CCCC(=O)OC[C@H](C)[C@H]1CN(C(=O)CCC)C1=O,269.34099999999995,0,4,1.7509,7,0
CHEMBL43956,CC1(C)COC(Cn2ccnc2)(c2ccc3c(c2)Cc2ccccc2-3)OC1,360.4570000000001,0,3,4.380300000000004,3,3
CHEMBL420979,Cc1cccc(N(C)C(=N)Nc2cccc3ccccc23)c1,289.38200000000006,2,1,4.6312900000000035,2,3
CHEMBL103644,CCOC(=O)C(=O)Nc1nc2ncn(C)c(=S)n2n1,282.285,1,7,-0.3061100000000003,2,2
CHEMBL322671,COC(=O)[C@H]1OC(CO)C(O)C(O)C1O,222.19300000000004,4,7,-2.9981999999999993,2,0
CHEMBL24309,O=C(N[C@@H](Cc1ccccc1)C(=O)C(F)(F)F)c1ccccc1,321.298,1,2,3.159100000000002,5,2
CHEMBL50027,Clc1ncc2ncnc(Nc3ccccc3)c2n1,257.684,1,5,2.8168000000000006,2,3
CHEMBL295647,NC(=O)[C@@H]1c2ccc(Cl)cc2N[C@H]1C(=O)O,240.646,3,3,0.7875999999999999,2,1
CHEMBL70367,CC12CCC3C(C(=O)C=C4CCCCC43C)C1CCC2=O,286.41499999999996,0,2,4.087400000000003,0,0
CHEMBL441775,O=S1(=O)N=C(NCc2ccccc2)Nc2ncccc21,288.33200000000005,2,5,1.3416,2,2
CHEMBL98507,C[C@H]1CN(CCCc2cccs2)CC[C@@]1(C)c1cccc(O)c1,329.509,1,3,4.686000000000005,5,2
CHEMBL19942,CNc1ccc(C(=O)NC(C)c2ccccc2)cc1,254.33300000000003,2,2,3.2193000000000014,4,2
CHEMBL7601,C=CCc1cc2c(c(C)c1O)CCO2,190.24199999999993,1,2,2.364020000000001,2,1
CHEMBL305885,O=C(O)C1(c2ccc3c(c2)OC[C@H](Cc2ccccc2)[C@H]3O)CCCC1,352.4300000000002,2,3,3.867700000000004,4,2
CHEMBL13961,CCCNCc1cc(Cl)cc(Cl)c1.Cl,254.588,1,1,3.9148000000000023,4,1
CHEMBL310631,Cc1cc(N)ccc1-c1ccccc1,183.254,1,1,3.244220000000001,1,2
CHEMBL78727,CCc1ccc(S(=O)(=O)NC(=O)Nc2ccc(Cl)cc2)cc1,338.81600000000003,2,3,3.4128000000000016,4,2
CHEMBL11673,C=CCN(C)S(=O)(=O)c1ccc(-n2ncc(=O)[nH]c2=O)cc1Cl,356.79100000000005,1,5,0.3807000000000003,5,2
CHEMBL79996,Cc1c(F)c(Oc2cccc(C(=N)N)c2)nc(Oc2cccc(C(=O)N3CCOCC3)c2)c1F,468.4600000000003,2,6,4.009290000000002,6,3
CHEMBL41959,COC(=O)C1(c2ccccc2)CCN(CCNC(=O)CCc2ccc([N+](=O)[O-])cc2)CC1,439.5120000000003,1,6,2.850400000000002,9,2
CHEMBL14429,CCC(=O)O[C@@]1(c2ccccc2)CCN(C)C[C@@H]1C,261.36499999999995,0,3,2.806700000000001,3,1
CHEMBL12620,Cc1ncc(CCN)[nH]1,125.175,2,2,0.2193199999999999,2,1
CHEMBL63365,COc1ccccc1CNC(=O)c1nn(CCN2CCOCC2)c2c(OC)cccc12,424.50100000000026,1,6,2.3157000000000005,8,3
CHEMBL300443,Fc1ccc2[nH]c3c(c2c1)CN(CCc1ccncc1)CC3,295.36100000000005,1,2,3.3028000000000013,3,3
CHEMBL85416,CCCN(CCC)c1c(C)nc(-c2c(C)cc(C)cc2C)n(CC)c1=O,355.5260000000001,0,3,4.790280000000004,7,2
CHEMBL423838,CCN1C(=O)c2c(nc(Cc3ccccc3)n2Cc2ccc(Cl)cc2)N2C1=N[C@@H]1CCC[C@@H]12,459.98100000000017,0,4,4.748400000000005,5,3
CHEMBL83660,CCc1nc(N)nc(N)c1-c1ccc(N(Cc2ccccc2)Cc2ccccc2)c([N+](=O)[O-])c1,454.5340000000002,2,7,4.985400000000004,8,4
CHEMBL17873,Nc1nc(N)c2c(CNc3ccc(Cl)c(Cl)c3)c[nH]c2n1,323.187,4,5,3.0412,3,3
CHEMBL302464,CC(C)(C)OC(=O)N[C@@H](Cc1ccccc1)C(=O)N1CCC(=O)[C@H]1Sc1ccccc1,440.56500000000017,1,5,4.042200000000003,6,2
CHEMBL294517,CCC(=O)NCCc1c(OC)ccc2ccccc12,257.333,1,2,2.917100000000002,5,2
CHEMBL70296,CS(=O)(=O)c1ccc(-c2occ(Cl)c(=O)c2-c2ccc(Cl)cc2)cc1,395.263,0,4,4.6841000000000035,3,3
CHEMBL10542,O=c1oc(Nc2nc[nH]n2)nc2ccccc12,229.199,2,6,1.0496999999999996,2,3
CHEMBL77810,N=C(N)NCCCN(CCNC(=N)N)CCc1ccccc1,305.43,6,3,-0.1126599999999966,10,1
CHEMBL6267,COC(=O)[C@@H](N)COC(=O)Nc1ccc([N+](=O)[O-])cc1.Cl,319.7010000000001,2,7,1.0654,5,1
CHEMBL296445,Cc1nc2c(/C=C\c3ccsc3)cccn2c1C,254.358,0,2,4.183040000000004,2,3
CHEMBL87580,CC(C)(C)c1cc(NC(=O)Nc2ccccc2)n(-c2cccc(N)c2)n1,349.4380000000001,3,3,4.396000000000002,3,3
CHEMBL17582,Cc1ccc(CC2=NOS(=O)N2)cc1C,224.28500000000005,1,3,1.35794,2,1
CHEMBL317152,O=C1Cc2ccccc2N1C1CCN(CC2CCCCCCC2)CC1,340.5110000000002,0,2,4.400600000000004,3,1
CHEMBL93500,COc1cncc(C)n1,124.143,0,3,0.7936199999999999,1,1
CHEMBL279820,CS(=O)(=O)Nc1ccc([N+](=O)[O-])cc1OCc1ccc2ccccc2n1,373.3900000000001,1,6,3.0935000000000015,6,3
CHEMBL70637,CNC(=O)n1c(-c2ccc(F)cc2)c(CCN2CCN(c3ccccc3)CC2)oc1=O,424.47600000000017,1,5,2.7996000000000008,5,3
CHEMBL286784,CN1C(=O)C[C@H](NC(=O)OCc2ccccc2)C1=O,262.265,1,4,0.6700999999999997,3,1
CHEMBL307979,COC(=O)c1ccc(-c2nc(O)c(C)s2)cc1,249.291,1,5,2.6107200000000006,2,2
CHEMBL36669,CCC(CCc1ccc(O)c(OC)c1)N(C)/C(S)=N/CCc1ccccc1,386.5610000000001,2,3,4.572300000000004,9,2
CHEMBL42481,COc1ccc(S(=O)(=O)C(CC(=O)NO)c2ccc(OCc3ccccc3)cc2)cc1,441.50500000000017,2,6,3.684700000000003,9,3
CHEMBL78485,CCOc1cccc(-c2cc3cnc(N)nc3nc2NC(=O)NC(C)(C)C)c1,380.4520000000001,3,6,3.5927000000000016,4,3
CHEMBL312192,CC[C@H]1[C@H](C(=O)O)[C@@H]1[C@H](N)C(=O)O,187.19499999999996,3,3,-0.244899999999999,4,0
CHEMBL299378,Cn1cc(C2=C(c3cn(C)c4ccc(C(=O)O)cc34)C(=O)NC2=O)c2ccccc21,399.4060000000001,2,3,2.9354000000000005,3,4
CHEMBL48226,CNC(=O)[C@H](Cc1ccc(OC)cc1)NC(=O)C(CC(=O)NO)c1ccccc1,399.4470000000001,4,5,1.1478000000000006,9,2
CHEMBL80038,CSCC[C@@H](NC(=O)[C@H](CS)Cc1ccccc1)C(=O)O,327.47100000000006,3,4,2.0975999999999995,9,1
CHEMBL61350,NCCSSCCN,152.28799999999998,2,4,0.2852,5,0
CHEMBL432131,CCC(O)CN1CCN(C2c3ccccc3CCc3ccccc32)CC1,350.50600000000014,1,3,3.2631000000000023,4,2
CHEMBL95659,COc1ccc2c(c1)c(CC(=O)NNCc1ccccc1)c(C)n2C(=O)c1ccc(Cl)cc1,461.9490000000002,2,4,4.663720000000003,7,4
CHEMBL69471,C=CCN1CCCC(C(=O)OCC)(c2cccc(O)c2)C1.O=P(O)(O)O,387.369,4,5,1.5463,5,1
CHEMBL67926,CN(CCC1CN(C)C(=S)c2cc(Br)cnc2O1)Cc1ccccc1,420.37600000000015,0,4,3.7345000000000033,5,2
CHEMBL1160491,CCCCCCOP(=O)(O)C(Cl)(Cl)P(=O)(O)O,329.05300000000005,3,3,3.0353000000000026,8,0
CHEMBL85702,CCOP(=O)(OCC)N(C)/N=N\C,209.186,0,5,2.0963000000000003,6,0
CHEMBL64069,CCO[C@H]1CC[C@@](CS)(C(=O)N[C@@H](Cc2ccc(Cl)cc2)C(=O)Nc2ccccc2)CC1,475.0540000000002,3,4,4.9013000000000035,9,2
CHEMBL328100,COc1ccc(C2CC3=Nc4ccc(Cl)cc4S(=O)(=O)C3=C(O)C2)cc1,389.8600000000001,1,5,4.555600000000004,2,2
CHEMBL54098,Cn1c(=O)nc2n(-c3ccc(Cl)c(C(F)(F)F)c3)c3ccccc3nc-2c1=O,406.75100000000015,0,4,3.256400000000002,1,2
CHEMBL324641,O=C1c2c(O)cccc2C(SCCCS)c2cccc(O)c21,332.446,3,5,3.784700000000003,4,2
CHEMBL98213,COC(=O)c1cc2c3ccccc3nc(O)n2n1,243.222,1,5,1.3746999999999998,1,3
CHEMBL302926,Cc1c(N(C)C)ccc2c(=O)c3cccc(CC(=O)O)c3oc12,311.33700000000005,1,4,2.9477200000000012,3,3
CHEMBL39703,CCc1cccc(C(C)C)c1NC(=O)c1ccccc1N,282.387,2,2,4.206900000000002,4,2
CHEMBL59235,CCCc1ccnc(N)c1,136.198,1,2,1.6163,2,1
CHEMBL85555,CC(=O)c1cncc(OC[C@@H]2CCCN2C)c1,234.29899999999995,0,4,1.7572,4,1
CHEMBL279150,CC(C)(C)/N=c1\c(O)c(O)\c1=N/c1ccc(C#N)cc1,269.304,2,5,1.7766799999999998,1,2
CHEMBL42961,Cc1cc(NC(=O)C(=O)O)cc(C)c1Oc1ccc(O)c(C2CCCCC2)c1,383.44400000000024,3,4,4.8721400000000035,4,2
CHEMBL15795,C[N+](C)(C)CCCCl.[Br-],216.55,0,0,-1.6744999999999972,3,0
CHEMBL24154,COc1cc(N)c(Cl)cc1C(=O)NC1CN2CCCCN2C1,324.8120000000002,2,5,1.3556,3,1
CHEMBL102800,N=C(N)CCCCCCCCC(=N)N,198.314,4,2,1.97914,9,0
CHEMBL103230,O=C1C(=O)c2ccccc2C(O)=C1C1CCCCCCC1,284.355,1,3,4.081600000000003,1,1
CHEMBL277602,COc1cccc(-c2n[nH]c(-c3ccccc3C(C)C)n2)c1,293.37,1,3,4.270700000000002,4,3
CHEMBL105969,CC(=O)NC[C@H]1CN(c2ccc(N3CCN(C(=O)/C=C/c4ccc(O)c(O)c4)CC3)c(F)c2)C(=O)O1,498.51100000000025,3,7,2.0601999999999996,6,2
CHEMBL290972,CS(=O)(=O)c1cnc2c(c1)CCC(c1ccccc1)O2,289.356,0,4,2.551400000000001,2,2
CHEMBL451240,CC(C)(C)Nc1cccnc1N1CCN(C(=O)c2cc3cc(F)ccc3[nH]2)CC1,395.4820000000001,2,4,3.8748000000000022,3,3
CHEMBL283070,CCN(CC)C(=O)c1ccc(C(c2ccccc2)N(CC)CCN(C)C)cc1,381.56400000000025,0,3,4.141500000000004,10,2
CHEMBL328364,OCC(O)CNc1ccnc2ccccc12,218.25600000000003,3,4,0.9999000000000002,4,2
CHEMBL48759,CCN(CC)C(=O)N1Cc2c(-c3noc(C4CC4)n3)ncn2-c2ccccc21,378.436,0,5,3.581500000000003,4,3
CHEMBL58105,COc1cccc2c1CC[C@H]1CN(CCn3c(=O)[nH]c4cc(-c5ccccc5)sc4c3=O)C[C@@H]21,473.5980000000001,1,5,4.088700000000003,5,4
CHEMBL306110,N=C(N)c1cccc(NC(=O)c2ccc3c(c2)CN(CCc2ccccc2)C(=O)C(CC(=O)O)N3)c1,485.5440000000002,5,5,3.0630700000000015,8,3
CHEMBL325253,O=C(CCCN1CCN(CC2CC(=O)c3ccsc3C2)CC1)c1ccc(F)cc1,414.5460000000002,0,5,3.913000000000004,7,2
CHEMBL96766,CC(C)CC(C/C=C1/CC(CO)(COC(=O)C(C)(C)C)OC1=O)CC(C)C,382.54100000000017,1,5,4.2786000000000035,9,0
CHEMBL43065,Oc1cc(O)cc(/C=C/c2ccc(O)cc2O)c1,244.246,4,4,2.6794,2,2
CHEMBL86615,CCOC(=O)c1cnc(NN2C(=O)C=C(C)C2=O)nc1-c1ccc(C)s1,372.40600000000006,1,8,2.3322200000000004,5,2
CHEMBL7498,CCCC/C(=C\Cn1oc(=O)[nH]c1=O)c1cccc(Oc2ccc(C)cc2)c1,380.4440000000002,1,4,4.504120000000004,8,3
CHEMBL107890,CC(C)Cn1cnc2c(N(C)C)ncnc21,219.29199999999997,0,4,1.5482999999999998,3,2
CHEMBL11940,O=C1NC(=O)C(CC#Cc2ccc(C(F)(F)F)cc2)(S(=O)(=O)c2ccccc2)S1,439.4360000000001,1,5,3.600200000000002,3,2
CHEMBL68344,COCCCNC(=O)NC1CCCCC1,214.3089999999999,2,2,1.6547999999999996,5,0
CHEMBL14211,C[C@H](NC(=O)[C@@H](N)Cc1ccc(O)cc1)C(=O)NCC(=O)NCc1ccccc1,398.4630000000002,5,5,0.1993000000000016,9,2
CHEMBL319121,Oc1nc2c(c3nc(-c4ccccc4F)nn13)CN(Cc1ccncc1)CC2,376.39500000000015,1,6,2.5893000000000006,3,4
CHEMBL282279,COC(=O)C1=C(C)N=C(SC)NC1c1cccc([N+](=O)[O-])c1,321.3580000000001,1,7,2.4051,3,1
CHEMBL60154,O=C1CC2(CCCC2)CC(=O)N1CCCCN1CCN(c2ccccn2)CC1,384.5240000000001,0,5,2.693200000000001,6,1
CHEMBL538649,O=C(/C=C/c1ccc(O)c(O)c1)NO,195.174,4,4,0.6164,2,1
CHEMBL278192,CN(OCc1ccccc1)C(=O)[C@H]1COC(c2ccccc2)=N1,310.35299999999995,0,4,2.4222,5,2
CHEMBL299678,O=C(Cc1ccccc1)N[C@H]1C[C@H](C(=O)O)Nc2cc(Cl)cc(Cl)c21,379.2430000000001,3,3,3.6622000000000017,4,2
CHEMBL291143,NC[C@@H]1O[C@H](C23CC4CC(CC(C4)C2)C3)Cc2c1ccc(O)c2O,329.44,3,4,3.2553000000000027,2,1
CHEMBL328660,CNc1ccc(-c2nc3ccc(Br)cc3s2)cc1,319.22700000000003,1,3,4.767500000000002,2,3
CHEMBL46565,CC(C)N(CCN(C(=O)N(C)C)c1cc(C(F)(F)F)cc(C(F)(F)F)n1)C(C)C,428.4210000000001,0,3,4.726000000000004,6,1
CHEMBL77026,O=C(O)Cc1ccccc1OCCC1Oc2ccccc2N(Cc2cccc(Cl)c2)C1=O,451.9060000000001,1,4,4.730400000000005,8,3
CHEMBL326200,COc1cc(-c2sc3nc(N)nc(N)c3c2C)cc(OC)c1OC,346.4120000000001,2,8,2.856920000000001,4,3
CHEMBL96879,COC(=O)CNC(=O)CC1(C(=O)Nc2ccc(C(=N)N)cc2)CC(c2cccc(C(=N)N)c2)=NO1,479.4970000000002,6,8,0.4359400000000028,9,2
CHEMBL310224,O=C1CCC(N2C(=O)c3cc(O)c(O)cc3C2=O)C(=O)N1,290.231,3,6,-0.5010000000000001,1,1
CHEMBL424606,CC1(C)C2CC[C@]1(C)CN(CC1CCCCC1)C2,249.44199999999992,0,1,4.324800000000004,2,0
CHEMBL301736,CSc1nc2sc3c(c2c(=O)o1)CCCC3,253.34799999999993,0,5,2.850200000000001,1,2
CHEMBL417829,C(=N\NC1=NCCN1)/c1cccc2cc3ccccc3cc12,288.3540000000001,2,4,2.875700000000001,2,3
CHEMBL65818,CCCCNC(=O)n1cncn1,168.2,1,3,0.6358999999999999,3,1
CHEMBL35659,CC1(C)C(=O)Nc2cc3[nH]c(-c4ccccc4)nc3cc21,277.327,2,2,3.459600000000001,1,3
CHEMBL31344,O=C(O)CCc1c(C(=O)O)[nH]c2cc(Cl)cc(Cl)c12,302.11300000000006,3,2,3.190100000000001,4,2
CHEMBL13689,c1ccc(Oc2ccc(C3=NCCN3)cc2)cc1,238.29,1,3,2.8287000000000004,3,2
CHEMBL105716,COC(=O)c1cc2c([nH]1)C(=O)C=C1N(C(=O)OC(C)(C)C)CC3CC123,344.36700000000013,1,5,2.389900000000001,1,1
CHEMBL72177,CCc1nnc2c(NC(C)C)nc3ccc(Cl)cc3n12,289.77,1,4,3.313600000000002,3,3
CHEMBL304459,Cc1nccn1Cc1c(Cl)c(Cl)cc2nc(O)c(O)nc12,325.15500000000003,2,5,2.9010200000000017,2,3
CHEMBL65431,CONC(=O)C(C)c1ccc(CC(C)C)cc1,235.32699999999997,1,2,2.666200000000001,5,1
CHEMBL110199,CN(Cc1nc2ccccc2[nH]1)CC(O)COc1ccc(NS(C)(=O)=O)cc1,404.4920000000001,3,6,1.8061,9,3
CHEMBL19611,CNC(=O)[C@H](Cc1c[nH]c2ccccc12)NC(=O)[C@@H](CC(=O)NO)CC(C)C,388.4680000000002,5,4,1.499,9,2
CHEMBL416366,C=Cc1nc2c(Cl)ncnc2n1Cc1ccccc1,270.723,0,3,3.171000000000001,3,3
CHEMBL43966,CN(C)c1cc(Cl)nc(SCC(=O)O)n1,247.70699999999997,1,5,1.3727,4,1
CHEMBL319918,O=C(/C=C/c1ccccc1)c1ccc(O)c(O)c1O,256.257,3,4,2.699500000000001,3,2
CHEMBL8088,NC1=NC(c2ccc(F)cc2)Cc2ccccc21,240.281,1,2,2.828400000000001,1,2
CHEMBL83720,N[C@@H](Cc1c(O)noc1-c1ccccc1)C(=O)O,248.238,3,5,1.0015999999999998,4,2
CHEMBL99722,Cc1cc(-c2nc3c(cnc4ccc(F)cc43)[nH]2)on1,268.251,1,4,3.2136200000000015,1,4
CHEMBL109530,FC(F)(c1cccc(-c2ccccc2)c1)c1nnn[n-]1.[Na+],294.24,0,3,-0.3600999999999994,3,3
CHEMBL63470,COc1ccc(C2(C#N)CCN(C3(C(=O)O)CC3)CC2)cc1OC1CCCC1,384.4760000000002,1,5,3.490980000000003,6,1
CHEMBL318065,Brc1ccc([C@H]2CC[C@H]3CCCCN32)cc1,280.2089999999999,0,1,4.138500000000003,1,1
CHEMBL18733,COc1cccc(-c2n[nH]c(-c3ccccc3C=O)n2)c1,279.299,1,4,2.9598000000000004,4,3
CHEMBL21008,COc1ccccc1N1CCN(CCCCNC(=O)C(C)(C)C)CC1,347.5030000000001,1,4,2.759700000000002,7,1
CHEMBL286638,CC(C)(C)C#C/C=C/CNc1cccc2oc(=O)ccc12,281.355,1,3,3.810600000000002,3,2
CHEMBL424619,CC1C2c3ccccc3C(c3ccccc32)C1C(=O)Nc1cccnc1,340.426,1,2,4.563400000000004,2,3
CHEMBL55537,Oc1cccc(CCBr)c1,201.063,1,1,2.3296,2,1
CHEMBL60575,CCCCCCNC(=O)c1ccc2nonc2c1,247.298,1,4,2.5329000000000006,6,2
CHEMBL7080,Cc1c([N+](=O)[O-])oc2ccc3cc(Br)ccc3c12,306.115,0,3,4.565120000000001,1,3
CHEMBL8871,Cc1cccc(Sc2cnc(O)nc2)c1,218.28100000000003,1,4,2.64182,2,2
CHEMBL315882,CCOC(=O)C1Nc2cc(Cl)cc(Cl)c2S(=O)(=O)N1Cc1cccc(C)c1,429.32500000000016,1,5,3.8074200000000022,4,2
CHEMBL54800,Cc1ccc(C(=O)N[C@@H]2[C@@H](O)[C@H](n3cnc4c(NC5CCCC5)ncnc43)O[C@@H]2C)cc1F,454.5060000000003,3,7,2.705120000000001,5,3
CHEMBL273484,O=C(O)CN1C(=O)c2cccc3cc(C(=O)CBr)cc(c23)C1=O,376.1620000000001,1,4,2.098,4,2
CHEMBL96967,COc1ccc2oc(N3CCOCC3)cc(=O)c2c1,261.27699999999993,0,5,1.6382,2,2
CHEMBL851,O=C(O)CCc1ccccc1,150.177,1,1,1.7038,3,1
CHEMBL416011,CN(C)CCCCNc1c2ccccc2nc2cccc([N+](=O)[O-])c12,338.4110000000001,1,5,4.049900000000003,7,3
CHEMBL82424,O=C(O)C1CCOc2c1cc(Cl)c1ccccc21,262.69200000000006,1,2,3.443900000000002,1,2
CHEMBL86865,OC1C(O)C2N=C(Nc3ccccc3)OC2C1O,250.25400000000005,4,6,-0.6818000000000004,1,1
CHEMBL104250,CC(C)C(NC(=O)Cn1cccc([N+](=O)[O-])c1=O)C(=O)C(F)(F)F,349.26500000000004,1,5,1.0286999999999993,6,1
CHEMBL59858,CN(CCC(Oc1ccc(C(F)(F)F)cc1)c1ccc(Cl)cc1)CC(=O)[O-].[Li+],407.7450000000001,0,4,0.5547000000000004,8,2
CHEMBL330187,O=C(O)CCCC/C=C(\c1cccnc1)c1cccc(F)c1,299.345,1,2,4.297400000000003,7,2
CHEMBL69547,CC1(C)C=CC(O)(c2ccccc2)OO1,206.241,1,3,2.1283000000000003,1,1
CHEMBL24684,CCCc1cccc(C(=O)c2ccc(Cl)cc2)c1O,274.747,1,2,4.229100000000003,4,2
CHEMBL292219,COC(=O)c1ccsc1N1N=C(c2ccc(N)cc2)c2cc3c(cc2C[C@H]1C)OCO3,435.5050000000003,1,8,4.049200000000003,3,3
CHEMBL7725,Cc1cc(N)ccc1C(=O)OCC(O)CNC(C)(C)C,280.368,3,5,1.4830199999999996,5,1
CHEMBL294917,CC(C)(C)c1ccc(-c2sc3cccc[n+]3c2[O-])cc1,283.396,0,2,3.5249000000000033,1,3
CHEMBL26869,CCCCC1=C(NC(C)=O)C(=O)c2nc3n(c2C1=O)CCC3,301.3460000000001,1,4,1.7887,4,1
CHEMBL99185,Cc1ccc(NS(=O)(=O)c2ccc3c(c2)CCO3)c(=O)n1CC(=O)NCc1ccc2[nH]ncc2c1,493.54500000000024,3,6,2.085119999999999,7,4
CHEMBL317020,C=CC[n+]1c(-c2ccc(NC(C)=O)cc2)cn2ccccc21.[Br-],372.266,1,1,0.0421999999999995,4,3
CHEMBL78812,CC(C)[C@H](NC(=O)CCS)C(=O)O,205.279,3,3,0.5316999999999998,5,0
CHEMBL290114,COC12[C@@H]3N[C@@H]3CN1C1=C(C(=O)C(N3CC3C#N)=C(C)C1=O)[C@@H]2COC(N)=O,385.38000000000017,2,9,-1.402119999999997,4,0
CHEMBL46314,O=C(CN1CCN(S(=O)(=O)c2cc3ccc(Cl)cc3s2)CC1=O)NCCc1cccnc1,493.0100000000002,1,6,2.1415000000000006,7,3
CHEMBL86128,O=C1NC(=O)/C(=C/c2ccc(OCC3CC3)cc2)S1,275.32899999999995,1,4,2.7993000000000015,4,1
CHEMBL293222,CCCCCCC(C(C)O)n1nccn1,211.30900000000003,1,3,2.1704,7,1
CHEMBL58477,CCCCCCNC(=O)c1ccc2no[n+]([O-])c2c1,263.29699999999997,1,4,1.7713,6,2
CHEMBL83633,C[C@@H]1CCC2C3(CC3)C(=O)O[C@@H]3O[C@@]4(C)CCC1[C@@]23OO4,294.34700000000004,0,5,2.5390000000000006,0,0
CHEMBL33498,CN([C@@H]1CCN2CCc3ccccc3[C@@H]2C1)S(=O)(=O)c1cccnc1,357.4790000000001,0,4,2.4639000000000006,3,2
CHEMBL34205,CCOC(=O)C[C@H]1CCCCC12OOC1(CCCC[C@H]1CC(=O)OCC)OO2,400.4680000000002,0,8,3.5758000000000028,6,0
CHEMBL23187,CC(C)C(=O)NCC(C)(C)NCC(O)COc1ccccc1,308.42199999999997,3,4,1.5667,9,1
CHEMBL28649,CC(=O)Nc1ccc(OCC(O)C(C)NC(C)(C)C)cc1,294.395,3,4,2.1613,6,1
CHEMBL61308,CC(C)n1nc(C(=O)NCCN2CCCC2)c2ccccc21,300.40599999999995,1,3,2.4428,5,2
CHEMBL68982,C[C@@]12CCNC(=O)[C@]1(C)C(=O)NC2,182.223,2,2,-0.3512999999999997,0,0
CHEMBL53704,CN(C)CCCCOc1ccccc1CCc1ccc(F)cc1,315.432,0,2,4.331500000000004,9,2
CHEMBL7872,Cc1ccccc1Oc1cnc(O)nc1,202.213,1,4,2.28292,2,2
CHEMBL86334,CCC(C)[C@H](N)C(=O)N1C(C#N)C[C@H]2C[C@H]21.O=C(O)C(F)(F)F,335.32599999999996,2,4,1.5060799999999996,3,0
CHEMBL321640,Cc1c(C(C)C)c(=O)on1C(=O)N1CCCc2ccccc21,300.35799999999995,0,3,3.2940200000000024,1,2
CHEMBL419862,CCCCC(=O)NCc1ccc(O)c(OC)c1,237.299,2,3,2.2072000000000003,6,1
CHEMBL39243,CN(C)CCc1c[nH]c2ccc(Cc3nc(N)no3)cc12,285.351,2,5,1.828,5,3
CHEMBL38953,Cc1c(-c2ccc(-c3ccccc3)cc2)nc2ccc(F)cc2c1-n1cnnn1,381.4140000000001,0,4,4.992020000000005,3,5
CHEMBL278781,CN1CCc2ccccc2C1c1ccccc1,223.319,0,1,3.2639000000000022,1,2
CHEMBL97608,CCCCOC(=O)c1cc2c(c[n+]1C)[nH]c1ccccc12.[I-],410.255,1,2,0.1065000000000005,4,3
CHEMBL277474,Cc1cc(=O)n(-c2ccccc2)n1C,188.23,0,1,1.48442,1,2
CHEMBL86599,COc1cccc(/C=C/c2cc(OC)c(OC)c(OC)c2)c1,300.354,0,4,3.891400000000002,6,2
CHEMBL65849,CN(C)CCCNc1c2c(nc3ccccc13)CCCCC2,297.4460000000001,1,3,3.867300000000003,5,2
CHEMBL24960,O=C1c2ccccc2C(=O)C1(F)c1ccccc1,240.233,0,2,2.930600000000001,1,2
CHEMBL30041,CCC(=O)Nc1ccc(OCC(O)C(C)NC(C)C)c([N+](=O)[O-])c1,339.39200000000005,3,6,2.0694999999999997,9,1
CHEMBL12831,O=C1CCC(c2ccc(-n3ccnc3)cc2)=NN1,240.266,1,3,1.4863999999999995,2,2
CHEMBL541213,c1ccc(-c2cc(-c3ccncc3)c(-c3ccoc3)[nH]2)cc1,286.33399999999995,1,2,5.003700000000003,3,4
CHEMBL64194,c1cncc(C2N[C@H](Cc3c[nH]c4ccccc34)CS2)c1,295.411,2,3,3.5092000000000017,3,3
CHEMBL7263,COc1ccc(OC)c(NCC2CCc3nc(N)nc(N)c3C2)c1,329.40400000000005,3,7,1.875199999999999,5,2
CHEMBL295774,CCOC(=O)/C=C/c1cc(C(N)=O)ccc1C,233.26699999999997,1,3,1.6702200000000005,4,1
CHEMBL74890,O=S(=O)(N/C(=N\O)Nc1ccc(Cl)cc1)c1cc(S(=O)(=O)c2ccccc2)cs1,471.96900000000016,3,7,3.369900000000002,5,3
CHEMBL88917,Cc1cccc(Nc2ccnc(SCC(=O)O)n2)c1C,289.36,2,5,3.0137400000000003,5,2
CHEMBL32093,CCCNc1ccccc1-c1nc2ccc[nH]c-2n1,252.321,2,3,3.3984000000000005,4,1
CHEMBL441967,NC(Cc1nc2cc(Cl)ccc2n1CP(=O)(O)O)C(=O)OCc1ccccc1,423.7930000000001,3,5,2.4381000000000004,7,3
CHEMBL305175,O=C1CN(c2ccc(Cl)cc2)C(=O)N1S(=O)(=O)c1ccc(Cl)cc1,385.22800000000007,0,4,3.150900000000002,3,2
CHEMBL28200,COc1ccccc1N1CCN(CCCCCc2ccccc2)CC1,338.495,0,3,4.2302000000000035,8,2
CHEMBL108456,Cc1ccc(Nc2c3ccccc3nc3c(C(N)=O)cccc23)cc1,327.38700000000006,2,3,4.538920000000003,3,4
CHEMBL7005,CC1(C)N=C(N)N=C(N)N1c1ccc(F)cc1,235.266,2,5,1.0112,1,1
CHEMBL48146,NCCCC[C@H](N)C(=O)NC1CCN(c2cc3c(cc2F)c(=O)c(C(=O)O)cn3C2CC2)C1,459.5220000000003,4,6,1.3249000000000013,9,2
CHEMBL20061,O=S(=O)(NCCCCCn1c(C2CCNCC2)nc2cc(Cl)c(Cl)cc21)c1ccccc1,495.4760000000002,2,4,4.958900000000003,9,3
CHEMBL54929,CCN(CCCN)CCCNc1nccc2c(C)c3[nH]c4ccncc4c3cc12,390.53500000000014,3,5,4.045420000000003,9,4
CHEMBL41220,N=C(N)c1ccc(CN(NS(=O)(=O)c2ccc3ccccc3c2)C(=O)N2CCCCC2)cc1,465.5790000000003,3,4,3.425270000000002,6,3
CHEMBL442381,O=C(O)c1ccccc1C(=O)Nc1ccccc1Cl,275.69100000000003,2,2,3.2905000000000015,3,2
CHEMBL9249,O=C1c2c(O)cc(O)cc2O[C@@H](c2ccc(O)c(O)c2)[C@H]1O,304.25399999999996,5,7,1.1862999999999997,1,2
CHEMBL8469,Cc1nn(-c2ccccc2)c(-c2ccccc2)c1CC(N)=O,291.35400000000004,1,2,2.87552,4,3
CHEMBL45334,CNc1cccc(CNCC2(F)CCN(C(=O)c3ccc(F)c(Cl)c3)CC2)n1,408.88000000000005,2,4,3.6499000000000024,6,2
CHEMBL31670,CC(C)C1=CC2CC3(C=O)[C@@H]4CC[C@@H](C)[C@H]4CC2(CO[C@H]2CN[C@H](C)CO2)[C@]13C(=O)O,431.5730000000002,2,5,3.2620000000000013,6,0
CHEMBL31325,Cc1nc(COc2ccc3c(c2)[C@@H](O)[C@@H](Cc2cccnc2)CO3)ccc1Br,441.3250000000001,1,5,4.411220000000003,5,3
CHEMBL89986,CCCC(=O)NC(CC(=O)c1ccccc1)(C(=O)OCC)C(=O)OCC,363.4100000000002,1,6,2.0407,10,1
CHEMBL305157,C=CCN(C)CCCCCCOc1ccc2c(C)nn(C)c2c1,315.461,0,3,3.938720000000002,10,2
CHEMBL269360,Cc1ccccc1C(=O)OCC(O)CNC(C)C,251.326,2,4,1.51072,6,1
CHEMBL108013,CN1CCN(CCCNc2cc3c(cn2)cc(-c2c(Cl)cccc2Cl)c(=O)n3C)CC1,460.4090000000003,1,5,3.9567000000000023,6,3
CHEMBL289475,C=C1[C@@H](O)CC[C@@]2(C)[C@@H](O)[C@H](OC(C)=O)C3=C(C)C(=O)C[C@@H]([C@@H](O)[C@H]12)C3(C)C,392.49200000000013,3,6,1.9186,1,0
CHEMBL99347,COC(=O)C(NC(=O)[C@@H](N)Cc1ccc(O)cc1)c1ccccc1O,344.3670000000001,4,6,0.9980999999999997,6,2
CHEMBL88411,CCCCN(Cc1ccc(-c2ccccc2-c2nn[nH]n2)cc1)c1nccnc1C(=O)O,429.4840000000001,2,7,3.8286000000000007,9,4
CHEMBL309089,CCCc1nc(-n2c(C)ccc2C)c(C(=O)O)n1Cc1ccc(-c2ccccc2-c2nn[nH]n2)cc1,481.5600000000002,2,5,4.836740000000003,8,5
CHEMBL47692,CC(=O)c1ccc(N2CC(CN=[N+]=[N-])OC2=O)cc1,260.253,0,4,2.524700000000001,4,1
CHEMBL32,COc1c(N2C[C@@H]3CCCN[C@@H]3C2)c(F)cc2c(=O)c(C(=O)O)cn(C3CC3)c12,401.4380000000002,2,5,2.3705000000000007,4,2
CHEMBL10736,ClCC12NC(Cc3ccccc31)c1ccccc12,255.748,1,1,3.3694000000000024,1,2
CHEMBL323998,CN1CC=C(c2ccc(O)c(O)c2)CC1,205.257,2,3,1.8167,1,1
CHEMBL317525,C=C[C@]1(CO)O[C@@H](n2ccc(N)nc2=O)C[C@@H]1O,253.258,3,6,-0.9776000000000002,3,1
CHEMBL99411,O=c1oc2ccc(Cl)cc2n1CCN1CCOCC1,282.72700000000003,0,4,1.5800999999999994,3,2
CHEMBL329269,CC(C)(C)NC(=O)c1ccccc1C#CC(O)Cc1ccccc1C(=O)NC(C)(C)C,420.55300000000017,3,3,3.6983000000000024,4,2
CHEMBL432146,O=C1NCCn2c(-c3cccc(CO)c3)nc3cccc1c32,293.3260000000001,2,3,1.939,2,3
CHEMBL280575,C[C@@]12N[C@@H](c3ccccc31)[C@H](O)c1ccccc12,237.302,2,2,2.641400000000001,0,2
CHEMBL9477,CC12N[C@H](CC3CCCCC31)C1CCCCC12,233.39899999999997,1,1,3.733400000000003,0,0
CHEMBL315015,O=C(O)C[C@H](NC(=O)CCCCc1ccc2c(n1)NCCC2)c1ccc2c(c1)OCO2,425.48500000000024,3,6,3.213400000000002,9,2
CHEMBL295295,C[C@H]1c2c([nH]c3ccccc23)[C@@H]2Oc3c(O)ccc4c3C23CCN(C)C(C4)C13,372.4680000000002,2,3,4.238500000000004,0,3
CHEMBL17545,O=C(O)CCCSc1nc2cccnc2n1Cc1ccc(Cl)cc1,361.854,1,4,4.089900000000003,7,3
CHEMBL104933,O=[P@]1(N(CCCl)CCCl)N[C@H](OO)C[C@@H](CCc2ccccc2)O1,397.2390000000002,2,4,3.701100000000002,9,1
CHEMBL41914,I.Nc1nc2c(s1)CCCC2,282.15000000000003,1,3,2.2221,0,1
CHEMBL101688,CC1(C)Oc2ccc(C#N)cc2[C@@H](n2ccccc2=O)[C@]1(C)O,310.35300000000007,1,4,2.23138,1,2
CHEMBL68105,Cc1sc(-c2cccc(F)c2)nc1O,209.245,1,3,2.963220000000001,1,2
CHEMBL71537,C[C@@]12CCC(=O)C=C1[C@@](C)(O)[C@H](O)CC2,210.27299999999997,2,3,1.1876999999999998,0,0
CHEMBL61180,C[N+](C)(Cc1ccccc1)Cc1cccc(O)c1.[Br-],322.246,1,1,0.1728000000000001,4,2
CHEMBL17143,CC(CC(=O)O)NC(=O)CN1C(=O)NC(C)(c2ccc(C(=N)N)cc2)C1=O,375.3850000000001,5,5,-0.2829299999999983,7,1
CHEMBL6971,Nc1nc(N)c2c(n1)CCC(Cc1ccc(Cl)c(Cl)c1)C2,323.2270000000001,2,4,3.2954000000000017,2,2
CHEMBL89780,CCOC(=O)P(=O)([O-])Oc1ccccc1.[Na+],252.13800000000003,0,5,-1.2206999999999997,4,1
CHEMBL10582,CC(C)(C)C(=O)C(O)(Cn1cncn1)c1ccc(Cl)cc1Cl,342.226,1,4,3.087900000000002,4,2
CHEMBL430544,C=C(O[C@@H]1CC(C(=O)[O-])=C[C@@H](O)[C@H]1O)C(=O)[O-].[Na+].[Na+],288.163,2,7,-9.555000000000003,4,0
CHEMBL100028,COc1cccc([C@H]2CC[C@H]3CCCCN32)c1,231.3389999999999,0,2,3.3846000000000016,2,1
CHEMBL420619,CC(C)[C@H](NC(=O)OCc1ccccc1)C(=O)N1CCCC[C@H]1C(=O)N[C@H]1CC(=O)OC1O,461.5150000000003,3,7,1.0686000000000004,7,1
CHEMBL90600,COc1c(C)cnc(C[S+]([O-])c2nnc(C)o2)c1C,281.337,0,6,1.70626,4,2
CHEMBL59207,Cc1c(-c2ccccc2)oc2cc(OCC(O)CNC(C)C)ccc2c1=O,367.4450000000001,2,5,3.506120000000002,7,3
CHEMBL25336,C(=N\NC1=NCCN1)/c1c2ccccc2c(/C=N/NC2=NCCN2)c2ccccc12,398.4740000000002,4,8,1.7583999999999995,4,3
CHEMBL24819,CC(CS)C(=O)N1c2cc3c(cc2CC1C(=O)O)OCO3,309.3430000000001,2,5,1.3234999999999997,3,1
CHEMBL94515,C=CCN1CC[C@@](C)(c2cccc(O)c2)[C@@H](C)C1,245.366,1,2,3.1777000000000015,3,1
CHEMBL71858,[O-][n+]1ccc2ccc3[nH]c4ccccc4c3c2c1,234.258,1,1,3.1077000000000012,0,4
CHEMBL57446,Cc1cccc2c1/C(=C/c1[nH]cc3c1CCOC3=O)C(=O)N2,294.30999999999995,2,3,2.52872,1,2
CHEMBL312177,COc1ccc(SCC2NC(CO)C(O)C2O)cc1,285.36500000000007,4,6,-0.1582000000000007,5,1
CHEMBL107037,CC(C)CCN1CCC=C(c2csc(N)n2)C1,251.399,1,4,2.860500000000001,4,1
CHEMBL62041,COc1ccc([C@@H]2C[C@@](Cn3ccnc3)(c3ccc(OC)cc3)N(C)O2)cc1,379.4600000000001,0,5,3.8042000000000034,6,3
CHEMBL322309,CC(=O)O.CCC1(O)C(=O)OCc2c1cc1n(c2=O)Cc2c-1nc1ccccc1c2CCNC(C)C,493.5600000000003,3,7,2.711000000000001,5,3
CHEMBL15200,COc1ccc2ncccc2c1,159.188,0,2,2.2434000000000003,1,2
CHEMBL12697,Cc1csc2nc(-c3cccs3)cn12,220.32200000000003,0,3,3.4327200000000015,1,3
CHEMBL92690,COc1ccc2cc(CCC(C)C3SC(=O)NC3=O)ccc2c1,329.42100000000005,1,4,3.7687000000000026,5,2
CHEMBL299381,CCCOc1nc2sc(C)c(C)c2c(=O)o1,239.29599999999996,0,5,2.655140000000001,3,2
CHEMBL78641,COC(=O)OCCN1C2=C(C(=O)Nc3ccccc3F)C(=O)CCN2c2ccc(F)cc21,443.40600000000023,1,7,3.197300000000001,5,2
CHEMBL430620,CCCC(=O)O[C@]1(C(=O)CO)C(C)CC2C3CCC4=CC(=O)C=CC4(C)[C@@]3(F)C(O)CC21C,462.55800000000016,2,6,3.2467000000000015,5,0
CHEMBL62252,Cc1cc(C)c2c(c1O)C(NCCN1CCN(c3cccc(Cl)c3)CC1)C(C)(C)C2,428.02000000000015,2,4,4.697640000000004,5,2
CHEMBL264870,N=C(N)c1cccc(C(=O)NCC(=O)Nc2ccc(-c3ccccc3S(N)(=O)=O)cc2)c1,451.50800000000015,5,5,1.6535700000000002,7,3
CHEMBL287375,CN(CC#CC#CC(C)(C)C)c1cccc2c1CC(O)C(=O)N2,310.397,2,3,2.0311999999999997,2,1
CHEMBL70973,CCS(=O)(=O)c1ccccc1NCC1=NCCN1,267.3539999999999,2,5,0.8937999999999999,5,1
CHEMBL292232,N=C(N)Nc1cc(C(=O)O)ccc1N1CCCC1=O,262.26899999999995,4,3,0.8169699999999995,3,1
CHEMBL52216,CCOc1ccc(C(C)c2cc3c(cc2OC)OCO3)cc1,300.35400000000004,0,4,3.974400000000003,5,2
CHEMBL19679,Cc1ccc(OC(C)C(O)CNC(C)(C)C)cc1C,265.397,2,3,2.8197400000000012,5,1
CHEMBL107590,CC(C)(C)c1ccc(C#N)cc1NC(=O)Nc1cnccn1,295.346,2,4,3.2897800000000013,2,2
CHEMBL26219,CCOC(=O)c1c(C)cc2cnn(-c3ccc([N+](=O)[O-])cc3)c(=O)c2c1C,367.36100000000016,0,6,3.0874400000000017,4,3
CHEMBL267373,NC(=O)c1ccccc1,121.13899999999995,1,1,0.7855000000000001,1,1
CHEMBL10281,COc1ccc2c(=O)oc(Nc3ccccc3I)nc2c1,394.168,1,5,3.544800000000002,3,3
CHEMBL40964,Oc1ccc(C(c2ccc(O)cc2)C2CCCCC2)cc1,282.383,2,2,4.810000000000003,3,2
CHEMBL109124,COc1cccc(C23CCN(C)C(C2)/C(=C\c2ccccc2)C(=O)C3)c1,347.4580000000001,0,3,4.083600000000003,3,2
CHEMBL8169,CCCC(=O)Nc1ccc(Cc2cccc3c2CCO3)cc1,295.38199999999995,1,2,3.9509000000000025,5,2
CHEMBL7139,COc1ccc(OC)c(CN2CCc3nc(N)nc(N)c3C2)c1,315.37700000000007,2,7,1.2164999999999997,4,2
CHEMBL296846,NC1CSC2=NC(c3ccccc3)CN21,219.313,1,4,1.4308999999999998,1,1
CHEMBL290133,CCc1cccn1C1=CC(C)(C)Oc2ccc(C#N)cc21,278.35499999999996,0,2,3.982380000000003,2,2
CHEMBL65516,O[C@H]1Cc2cccc(I)c2C[C@@H]1N1CCC(c2ccccc2)CC1,433.3330000000002,1,2,3.9989000000000026,2,2
CHEMBL28511,CSc1ccc(C(=O)c2cc(C)cc(CC(=O)[O-])c2N)cc1.[Na+],337.37600000000003,1,5,-1.1734799999999987,5,2
CHEMBL82672,CC(NC(=O)C(=O)c1c[nH]c2ccc([N+](=O)[O-])cc12)C(=O)O,305.24600000000004,3,5,0.8480999999999996,5,2
CHEMBL284030,O=C(OCCc1ccccc1)[C@@H]1CCCN1C(=S)NC12C[C@H]3C[C@@H](C1)C[C@@H](C2)C3,412.5990000000002,1,3,4.080000000000004,5,1
CHEMBL73156,COc1cccc(-c2cc(O)c3c(C)ccnc3n2)c1,266.29999999999995,1,4,3.319420000000002,2,3
CHEMBL283114,COc1ccc(S(=O)(=O)N(Cc2ccc(Br)cc2)[C@H](C)C(=O)NO)cc1,443.3190000000001,2,5,2.5424999999999995,7,2
CHEMBL71735,Cc1ccccc1[C@H]1CNCCc2cc(O)c(O)cc21,269.344,3,3,2.6838200000000016,1,2
CHEMBL57904,O=C1C=C2N(C(=O)c3cc4ccccc4[nH]3)CC3C[C@@]23c2ccccc21,340.38200000000006,1,2,3.661800000000002,1,3
CHEMBL288669,CCN1CCC2(c3cccc(O)c3)CC1Cc1[nH]c3ccccc3c12,332.44700000000006,2,2,4.200000000000003,2,3
CHEMBL415106,Cc1cc(Cl)nnc1NS(=O)(=O)c1cccc2c(N(C)C)cccc12,376.86900000000014,1,5,3.458420000000002,4,3
CHEMBL295746,NC(=S)c1ncn2c1NC(=O)CC2,196.23499999999996,2,3,-0.1405,1,1
CHEMBL285601,CC[C@H]1CN(c2nc3c(cc2F)c(=O)c(C(=O)O)cn3C(C)(C)C)C[C@@H]1N.CS(=O)(=O)O,472.5390000000002,3,7,1.666300000000001,3,2
CHEMBL300469,O=C(O)C1CCC(=O)N1C(=O)OCc1ccccc1,263.24899999999997,1,4,1.3987999999999998,3,1
CHEMBL19027,CS(=O)(=O)N[C@H](Cc1c[nH]c2ccccc12)C(=O)N[C@H](Cc1c[nH]c2ccccc12)NC=O,467.55100000000016,5,4,1.5404999999999989,10,4
CHEMBL49266,COc1cc(N)c(Cl)cc1NC(=O)OCCN1CCC(C)CC1,341.83900000000017,2,5,3.2112000000000016,5,1
CHEMBL76953,NC(CCC(=O)O)C(=O)OC[C@H]1C[C@@H](O)C[C@@H](CO)N1,290.316,5,7,-1.804499999999997,7,0
CHEMBL297668,Cn1nnnc1SCN1C(=O)c2ccccc2S1(=O)=O,311.348,0,7,0.1043999999999998,3,2
CHEMBL275794,CCc1ccc(NC2=C(Cl)C(=O)c3ccncc3C2=O)cc1,312.75600000000003,1,4,3.5855000000000015,3,2
CHEMBL92614,N=C(N)c1cccc(CN2CC[C@H](NS(=O)(=O)c3ccc4nc(N)ccc4c3)C2=O)c1,438.51300000000015,4,6,1.1804700000000004,6,3
CHEMBL50003,Cn1c([N+](=O)[O-])nc(Cl)c1N(CCCl)CCCl,301.56100000000004,0,4,2.2657,6,1
CHEMBL75823,Cc1ccc(-n2nc(-c3ccc(NS(=O)(=O)c4ccccc4)cc3)cc2N)cc1,404.4950000000001,2,4,4.230720000000002,5,4
CHEMBL317988,Cc1ccc(C)c2c1CCCc1c[nH]nc1-2,212.296,1,1,3.182240000000001,0,2
CHEMBL7237,CC(C)CC(=O)C(=O)N1CCC[C@H]1C(=O)OCCCc1cccnc1,346.427,0,5,2.1635999999999997,8,1
CHEMBL49933,CC1C(=O)N=CC(c2ccccc2)=C1c1ccccc1,261.324,0,1,3.8445000000000022,2,2
CHEMBL88784,c1ccc2c(c1)CCC(CNCCCCCNC1=NCCCN1)O2,330.47600000000006,3,5,2.0789999999999997,8,1
CHEMBL42105,CC(C)(C)C(=O)c1ccc(C(=O)N[C@@H](Cc2ccccc2)C(=O)O)cc1,353.41800000000006,2,3,3.3411000000000017,6,2
CHEMBL73904,O=C(NNC(=S)N/N=C/c1ccccn1)Nc1ccccc1Cl,348.8190000000001,4,4,2.2697000000000003,3,2
CHEMBL74035,Nc1nc(O)c2ncn(COCOCP(=O)([O-])[O-])c2n1.[Na+].[Na+],349.151,2,10,-8.058500000000004,6,2
CHEMBL285971,CC1c2ccccc2C[C@H]2N[C@]1(C)c1ccccc12,249.357,1,1,3.9059000000000026,0,2
CHEMBL38359,COc1cc(O)c2c(c1)C(=O)c1cc(CNCCCl)cc(O)c1C2=O,361.78100000000006,3,6,2.210200000000001,5,2
CHEMBL19603,NS(=O)(=O)c1nn2cc(-c3ccc(O)cc3)nc2s1,296.333,2,6,0.8108000000000002,2,3
CHEMBL319864,COc1cc(NS(C)(=O)=O)ccc1Nc1c2ccccc2nc2ccc([N+](=O)[O-])cc12,438.4650000000002,2,7,4.419900000000003,6,4
CHEMBL26169,CC(CCC(N)=O)C(=O)N1c2ccccc2CC1C(=O)O,290.3190000000001,2,3,0.9304999999999995,5,1
CHEMBL286267,COc1ccc(-c2csc(-c3cc(C(=N)N)sc3SC)n2)c(OC)c1,391.5430000000001,2,7,4.561770000000004,6,3
CHEMBL69998,CC1(C)OC(=O)C(OCC2CC2)=C1c1ccc(S(C)(=O)=O)cc1,336.40900000000005,0,5,2.563200000000001,5,1
CHEMBL78398,CS(=O)(=O)N[C@@H](CNC(=O)c1cc2cc(CCC3CCNCC3)sc2s1)C(=O)O,459.61500000000024,4,7,1.6271999999999995,9,2
CHEMBL325538,CCCc1nc(S)nc(O)c1Br,249.133,2,4,2.185900000000001,2,1
CHEMBL296294,CCCOc1ccc(-c2n[nH]c(-c3ccccc3)n2)cc1-c1nc2c(c(C)nn2CC)c(=O)[nH]1,455.5220000000003,2,6,4.355820000000002,7,5
CHEMBL417154,COC1OC(C(=O)N(C)CCN(C)C)=CC2=C1C(=O)c1ccccc1C2=O,370.4050000000001,0,6,1.2688,5,1
CHEMBL416914,O=C1c2ccccc2C(=O)N1CCCCn1c(C2CCNCC2)nc2cc(Cl)c(Cl)cc21,471.3880000000002,1,4,4.886500000000004,6,3
CHEMBL742,CNC1(c2ccccc2Cl)CCCCC1=O,237.7299999999999,1,2,2.897800000000001,2,1
CHEMBL21880,CC[C@](OC)(C(=O)OC)c1cc(F)cc(OCc2ccc3ccccc3c2)c1,382.431,0,4,4.982600000000004,7,3
CHEMBL274285,COc1ccc([C@]23OC[C@H](Cc4cc5c(cc42)OCO5)[C@@H]3C)cc1OC,354.4020000000001,0,5,3.514700000000002,3,2
CHEMBL35104,O=[N+]([O-])c1cc(C2C3=C(O)CCCC3=Nc3ccnn32)ccc1Cl,344.75800000000004,1,5,4.116200000000002,2,2
CHEMBL418217,O=C(O)Cc1ccc2c(c1)Oc1ccc(Cl)cc1CO2,290.70200000000006,1,3,3.6518000000000024,2,2
CHEMBL268888,Cn1cc(C2=C(c3cn(CCCCSC(=N)N)c4ccccc34)C(=O)NC2=O)c2ccccc21,471.5860000000002,3,4,4.107070000000002,7,4
CHEMBL313956,CCCCCC1=N/C(=C\c2[nH]c(-c3ccc[nH]3)cc2OC)C=C1,309.41300000000007,2,2,4.950400000000004,7,2
CHEMBL12376,O=C1NCCCCN1,114.148,2,1,0.0793999999999999,0,0
CHEMBL74004,CCc1nc2c(C)cc(C)nc2n1Cc1ccc(/C(=C\c2nn[nH]n2)c2ccccc2)cc1,435.535,1,5,4.7608400000000035,6,5
CHEMBL313627,O=C(NCC(=O)N1[C@@H](c2ccccc2O)CC[C@H]1C(=O)O)[C@@H](S)Cc1ccc(O)cc1,444.5090000000001,5,6,1.8717999999999988,7,2
CHEMBL283985,O=C(O)COCCCCC1=CCC[C@@H]1NS(=O)(=O)c1ccc(Cl)cc1,387.8850000000001,2,4,2.978600000000001,10,1
CHEMBL55920,CCOC(=O)c1c(NC(=O)C(C)C)sc2c1CCN(Cc1ccccc1)C2,386.51700000000017,1,5,4.077600000000004,6,2
CHEMBL36594,Oc1nc(O)c(I)c(-c2ccccc2)n1,314.082,2,4,2.1594,1,2
CHEMBL16204,CCNCC1CCN(c2cc3c(c(C)c2F)c(=O)c(C(=O)O)cn3CC)C1,375.4440000000002,2,4,2.602920000000001,6,2
CHEMBL64710,C[C@@H](O)[C@H]1C(=O)N2C(C(=O)[O-])=C3[C@@H](OCCC#N)CCC[C@@H]3[C@H]12.[K+],358.4350000000001,1,6,-3.685219999999996,5,0
CHEMBL312185,COc1ccc(C2=NN(C3CCCCCC3)C(=O)C3CC=CCC23)cc1O,368.477,1,4,4.252300000000004,3,1
CHEMBL28349,Cc1cc(-n2ncc(=O)[nH]c2=O)ccc1[S+]([O-])c1ccc(Cl)cc1,361.81000000000006,1,4,2.04932,3,3
CHEMBL43633,CC(C)c1cc2c(cc1Cl)N(C(=O)Nc1cccnc1)CC2,315.8040000000001,1,2,4.453000000000004,2,2
CHEMBL69411,CNC(=O)[C@H](CC(C)C)C[C@H](O)[C@H](Cc1ccccc1)NC(=O)c1cnc2ccccc2c1,447.5790000000001,3,4,3.7352000000000016,10,3
CHEMBL45518,O=C(c1ccc(O)cc1)c1oc2cc(O)ccc2c1-c1ccc(O)cc1,346.338,3,5,4.447600000000003,3,4
CHEMBL38555,N=C(N)c1ccc(N2CCN(c3cccc(OCC(=O)O)c3)CC2)cc1,354.4100000000001,3,5,1.76067,6,2
CHEMBL301667,COc1cc(NC[C@@H](N)CS)ccc1-c1cccc(C(=O)O)c1,332.4250000000001,4,5,2.7294,7,2
CHEMBL284075,CC(C)c1ccccc1NC(=O)c1cccc(N)c1,254.33299999999997,2,2,3.6445000000000007,3,2
CHEMBL7634,O=C1CCCN1CC#CCN1CCCC1,206.28899999999996,0,2,0.7080000000000002,2,0
CHEMBL87164,COC(=O)[C@@]1(C)CCC[C@@]2(C)C1CCC(=O)[C@@H]2CCC1=CCOC1=O,348.43900000000014,0,5,3.2146000000000017,4,0
CHEMBL292859,Clc1ccc(N2N=NCC2c2ccncc2)cc1Cl,293.15700000000004,0,4,4.316900000000002,2,2
CHEMBL287225,CN(C)CCNC(=O)c1cccc2c(NCCO)c3ccccc3nc12,352.4380000000001,3,5,2.0835999999999997,7,3
CHEMBL110810,CCc1ccc(C2=N[C@@H](C(=O)NO)CO2)cc1,234.255,2,4,0.8997999999999996,3,1
CHEMBL322549,CSc1nc(NC2CC2)c2ncn(CC3CC3)c2n1,275.381,1,5,2.5325000000000006,5,2
CHEMBL21734,O=[N+]([O-])c1cc(Cl)c(N=C2NCCN2)c(Cl)c1,275.095,2,3,2.0818999999999996,2,1
CHEMBL64396,O=C(Nc1cc(F)ccc1F)C1C(=O)N2c3ccc(F)cc3Cc3cccc1c32,394.35200000000015,1,2,4.408700000000002,2,3
CHEMBL58124,COc1ccc(C(=O)/C=C/c2ccccc2F)c(OC)c1OC,316.3280000000001,0,4,3.747600000000003,6,2
CHEMBL35255,COC(=O)Nc1cccc(-c2nc3cc(C)ccc3o2)c1,282.299,1,4,3.9815200000000024,2,3
CHEMBL18307,CN(c1ccccc1)c1cc(NCc2cccs2)c(S(=O)(=O)[O-])cc1S(N)(=O)=O.[Na+],475.5490000000002,2,8,-0.316399999999999,7,3
CHEMBL300305,Cn1c(Cc2ccc(C(=N)N)cc2)nc2cc(NS(=O)(=O)c3cccc4ccccc34)ccc21,469.57000000000016,3,4,4.402170000000003,6,5
CHEMBL50666,Cc1cnc2nc(-c3cccc4ccccc34)cc(O)c2c1,286.33400000000006,1,3,4.464020000000003,1,4
CHEMBL330312,COc1ccc([C@@H]2Sc3cc(OC)ccc3N(C[C@@H]3CCCN3)C(=O)[C@@H]2OC(C)=O)cc1,456.5640000000003,1,7,3.5675000000000017,6,2
CHEMBL79888,N=c1oc2ccc(O)cc2cc1C(=O)Nc1cccc(O)c1,296.282,4,5,2.575769999999999,2,3
CHEMBL317592,O=C1NC(=O)[C@]2(N1)OC(CO)[C@@H](O)[C@H](O)C2O,248.191,6,7,-4.004099999999999,1,0
CHEMBL81616,CC(=O)NCCNc1[nH]c(-c2ccccc2)nc2nc(C)c(C)c1-2,323.40000000000015,3,4,2.741340000000001,5,1
CHEMBL23588,O=C(O)c1ccccc1Nc1cccc(C(F)(F)F)c1,281.23299999999995,2,2,4.1472000000000016,3,2
CHEMBL103942,O=C(NS(=O)(=O)c1ccccc1)c1ccc2cc(C(F)(F)P(=O)(O)O)ccc2c1,441.3480000000001,3,4,3.185500000000002,5,3
CHEMBL85092,O=C(OCc1ccccc1)[C@H]1/C(=C/CO)O[C@@H]2CC(=O)N21,289.287,1,5,0.5631999999999999,4,1
CHEMBL280922,C=CCOC(=O)c1cnccn1,164.16400000000002,0,4,0.8193999999999999,3,1
CHEMBL85211,O=C(O)CCCNCc1cc([N+](=O)[O-])cc2nc(O)c(O)nc12,322.27700000000004,4,8,0.9035999999999996,7,2
CHEMBL27889,CCOc1ccc2c(O)cc(=O)n(Cc3ccc(-c4ccccc4-c4nn[nH]n4)cc3)c2c1,439.4750000000001,2,6,4.001200000000002,6,5
CHEMBL13864,NC1=Nc2cc(Cl)ccc2CN1,181.626,2,3,1.3894,0,1
CHEMBL103410,COc1cc(/C=C/C(=O)CC(=O)/C=C/c2ccc(O)c(O)c2)ccc1O,354.35800000000006,3,6,3.066900000000002,7,2
CHEMBL329095,O=S(=O)(c1ccc(-c2ccsc2)cc1)N(Cc1c[nH]cn1)CC1CCCCC1,415.5840000000003,1,4,4.909400000000003,7,3
CHEMBL309691,C[C@]12CC[C@H](O)CC1=CCC1C2CC[C@]2(C)C(n3cnnn3)=CCC12,340.471,1,4,3.447600000000002,1,1
CHEMBL299069,N#Cc1c(-c2ccccc2Cl)cc(-c2ccccc2O)nc1O,322.75100000000003,2,4,4.351880000000004,2,3
CHEMBL84874,COc1ccc(C2=NNC(=O)CC2)cc1OC,234.25499999999997,1,4,1.3178999999999998,3,1
CHEMBL294801,O=C1Nc2cc(-n3ccnc3)c([N+](=O)[O-])cc2C1=O,258.193,1,5,0.9153,2,2
CHEMBL421491,CC12CCC3C(C(=O)C=C4CCCCC43CO)C1CCC2O,304.43,2,3,2.8516000000000017,1,0
CHEMBL36736,CC(=O)NC[C@H]1CN(c2ccn(-c3ccccc3F)c2)C(=O)O1,317.3200000000001,1,3,2.0776999999999997,4,2
CHEMBL8069,COc1ccc(Cl)c(C2(F)C(=O)Nc3c(C#N)cccc32)c1,316.719,1,3,3.385480000000002,2,2
CHEMBL106795,COc1cc(C(=O)N/N=C/c2ccc(OC(F)(F)F)cc2)ccc1O,354.28400000000005,2,5,3.0633000000000012,5,2
CHEMBL17984,CC1(C)OC(c2ccc(Br)cc2)=CC1=O,267.122,0,2,3.167900000000002,1,1
CHEMBL65502,CC(=O)OCc1c(F)c(N)c2c(=O)cc(-c3ccc(N)c(F)c3)oc2c1F,378.3060000000001,2,6,3.104800000000001,3,3
CHEMBL20470,N#Cc1ccc(S(=O)(=O)Nc2ccc(Cl)c3c(Cl)c[nH]c23)cc1,366.229,2,3,4.147180000000001,3,3
CHEMBL439754,CNc1nc2c(N(C)C)ncnc2n1Cc1cccc(N)c1,297.36600000000004,2,6,1.5645,4,3
CHEMBL15362,CC(C)N1CCN(c2cc3c(cc2F)c(=O)c(C(=O)O)cn3C2CC2)CC1,373.42800000000017,1,4,2.7041000000000013,4,2
CHEMBL50894,O=C1Cc2c([nH]c3ccc([N+](=O)[O-])cc23)-c2ccccc2N1,293.282,2,3,3.2377,1,3
CHEMBL13195,CC(C)(CCC(=O)O)CCn1cnc2c(O)nc(N)nc21,293.327,3,6,1.3951999999999996,6,2
CHEMBL8182,CC1(C(=O)O)C2CCC(O2)C1C(=O)O,200.19,2,3,0.3392999999999996,2,0
CHEMBL76257,COc1ccc(/C(=N/NC(C)=O)c2ccccc2)cc1OC1CCCC1,352.43400000000025,1,4,3.905100000000003,6,2
CHEMBL15592,CCNCC1CCN(c2c(F)cc3c(=O)c(C(=O)O)cn(CC)c3c2Cl)C1,395.8620000000001,2,4,2.9479000000000015,6,2
CHEMBL42661,Cc1c(-c2ccccc2F)[nH]c(N)c1C#N,215.23099999999997,2,2,2.5830999999999995,1,2
CHEMBL290769,O=C(O)CC[C@@H](NS(=O)(=O)c1ccc2ccccc2c1)C(=O)NCCc1ccccc1,440.5210000000002,3,4,2.710400000000001,10,3
CHEMBL415987,CC1(C)Oc2ccc(C#N)cc2C(NC(=O)c2ccc(F)cc2)[C@@H]1O,340.35400000000004,2,4,2.7003800000000004,2,2
CHEMBL329092,CN(C)CCCNc1ccc2nnn3c4ccc(O)cc4c(=O)c1c23,337.38300000000015,2,6,1.9028999999999996,5,4
CHEMBL274348,O=S(=O)(c1ccc(Cl)cc1)C(Cc1ccccc1)S(=O)(=O)C(F)(F)F,412.838,0,4,3.6171000000000024,5,2
CHEMBL38934,c1ccc(Oc2ccccc2)cc1,170.21099999999998,0,1,3.478900000000001,2,2
CHEMBL86928,COc1cc(CCc2ccc(N)cc2)cc(OC)c1OC,287.35900000000004,1,4,3.0798000000000014,6,2
CHEMBL7390,COc1ccc(S(=O)(=O)N2CN(Cc3ccccc3)C(=O)C[C@@H]2C(=O)NO)cc1,419.4590000000001,2,6,0.9499,6,2
CHEMBL85396,O=[N+]([O-])c1ccccc1S(=O)(=O)n1c(SCc2ccccn2)nc2ccccc21,426.4790000000001,0,7,3.868800000000002,6,4
CHEMBL46919,CCN(CC)CCOc1c(NC(=O)NC)c(OC)c2ccoc2c1OC,365.4300000000001,2,6,2.9219000000000017,9,2
CHEMBL25050,CC1CCN2C(=O)C(C(=O)O)=CNC2=C1/C=N/c1ccccc1,311.341,2,4,2.0406,3,1
CHEMBL34632,COC[C@H]1CN(c2ccc(CCO)cc2)C(=O)O1,251.282,1,4,1.1930000000000005,5,1
CHEMBL40858,COP(=O)(NC(CC(C)C)C(N)=O)Oc1ccccc1,300.29499999999996,2,4,2.3095,8,1
CHEMBL267270,O=c1cc(C(F)(F)F)c2cc3c(cc2o1)NCCC3C(F)(F)F,337.219,1,3,4.273300000000002,0,2
CHEMBL299737,O=P(O)(O)Cc1ccccc1,172.12,2,1,1.3642999999999998,2,1
CHEMBL72701,CC(C)c1nc(-c2ncn3c2CN(C)C(=O)c2cc(F)ccc2-3)no1,341.346,0,5,2.7704000000000013,2,3
CHEMBL295981,CCOCc1ncn2c1CN(C)C(=O)c1cc(Cl)ccc1-2,305.76500000000004,0,3,2.647800000000001,3,2
CHEMBL59624,Nc1sc2c(c1C(=O)c1ccccc1)CCN(CCc1ccc([N+](=O)[O-])cc1)C2,407.4950000000002,1,6,4.070300000000003,6,3
CHEMBL305844,CCN1CCC[C@@H]1CNC(=O)c1cccc(OC)c1OCCF,324.39600000000013,1,4,2.2576,8,1
CHEMBL289264,N[C@H](Cc1ccccc1)P(=O)(O)O,201.16199999999995,3,2,0.6916,3,1
CHEMBL10331,O=C1CCC(c2ccccc2)(C2CCN(Cc3ccccc3F)CC2)C(=O)N1,380.4630000000001,1,3,3.412300000000002,4,2
CHEMBL99997,Cl.N[C@@H](CS)C(=O)Nc1ccc(NC(=O)Cc2ccc3ccccc3c2)c(C(=O)c2ccccc2)c1,520.0540000000003,4,5,4.869400000000003,8,4
CHEMBL94142,Cc1ccc(Nc2nccc(-c3cccnc3)n2)c(C)c1,276.3430000000001,1,4,3.899040000000002,3,3
CHEMBL312164,Cc1oc(-c2cccs2)nc1CCOc1ccc(CN(O)C(N)=O)cc1,373.4340000000001,2,6,3.602920000000001,7,3
CHEMBL10630,COc1c(Cl)c(O)c(C=O)c(OC)c1Cl,251.06499999999997,1,4,2.5287000000000006,3,1
CHEMBL65861,O=C(O)c1cn(-c2nccs2)c2nc(-c3cc[nH]n3)ccc2c1=O,339.33600000000007,2,6,1.9304999999999997,3,4
CHEMBL299060,Cn1c2ccccc2c2c3[nH]c4ccccc4c3ncc21,271.32300000000004,1,1,4.361000000000002,0,5
CHEMBL59096,CC(C)[C@H](NC(=O)[C@@H]1CCCN1)C(=O)O,214.26499999999996,3,3,-0.0361999999999997,4,0
CHEMBL320840,CCc1cc(-c2ccccc2)cc(CC)[n+]1CC(=O)NNc1ccc(S(N)(=O)=O)cc1.[O-][Cl+3]([O-])([O-])[O-],539.0100000000001,3,8,-2.199399999999996,8,3
CHEMBL415972,CCNc1cnc(-c2cccs2)n(CC(=O)NC(C(=O)C(F)(F)F)C(C)C)c1=O,430.4520000000001,2,6,2.6758000000000006,8,2
CHEMBL295198,Cc1ccccc1-n1c(CC(=O)c2ccccn2)nc2ccccc2c1=O,355.3970000000001,0,4,3.514520000000002,4,4
CHEMBL16602,CC1(C)Oc2ccc(C#N)cc2[C@@H](NC(=O)c2ccc(F)cc2)[C@@H]1O,340.35400000000004,2,4,2.7003800000000004,2,2
CHEMBL65408,O=C(NCCc1ccc(Cl)cc1)c1cc2ccccc2cc1O,325.7950000000001,2,2,4.171300000000003,4,3
CHEMBL275606,CCCn1c(=O)c2nc(-c3ccc(OCC(=O)N(C)c4ccccc4)cc3)[nH]c2n(CCC)c1=O,475.5490000000002,1,5,3.4151000000000016,9,4
CHEMBL90477,CCOC(=O)CCCOc1ccc2c(c1)CN1CC(=O)NC1=N2,317.345,1,6,1.3416,6,1
CHEMBL46013,O=C(N1CCCC1)N1Cc2c(-c3noc(C4CC4)n3)ncn2-c2ccc(Cl)cc21,410.86500000000007,0,5,3.988900000000004,2,3
CHEMBL78419,Cc1cc(C)c(S(=O)(=O)c2ccc(N)cc2)c(C)c1,275.373,1,3,3.026860000000001,2,2
CHEMBL14471,Nc1ccc(Cn2cnc3ncnc-3c2O)cc1,241.25400000000005,2,5,1.114,2,1
CHEMBL71535,N[C@@H](Cc1ccc(OCc2ccccc2)cc1)C(=O)C(=O)OCc1ccccc1,389.45100000000014,1,5,3.4479000000000024,9,3
CHEMBL66356,Nc1ncnc2c1nc(Br)n2CCOCP(=O)(O)O,352.08500000000004,3,6,0.3227999999999998,5,2
CHEMBL108111,N=C(N)c1ccc(C(=O)N[C@@H](Cc2ccc(O)cc2)C(=O)N2CCC(OCC(=O)O)CC2)cc1,468.51000000000033,5,6,1.1095700000000002,9,2
CHEMBL277223,Nc1cccc(N2C(=O)c3ccccc3C2=O)c1,238.246,1,3,2.0694,1,2
CHEMBL104916,COc1ccccc1/C=C1\Cc2ccccc2C1=O,250.29699999999997,0,2,3.5176000000000016,2,2
CHEMBL441973,CCOC(=O)C(=O)Nc1cc(N2CCc3ccccc3C2)cc(C)n1,339.3950000000001,1,5,2.454320000000001,3,2
CHEMBL9744,COc1ccc(C(=O)c2ccc(NC3=NCCN3)cc2)cc1,295.342,2,5,2.2973,4,2
CHEMBL328427,CCCCS(=O)(=O)N1CCC(=C2c3ccc(Cl)cc3CCc3cccnc32)CC1,431.0010000000002,0,3,4.861200000000005,4,2
CHEMBL432349,CC1(C)C=C(n2ccccc2=O)c2cc(Br)ccc2C1(C)O,360.2510000000001,1,2,3.747300000000004,1,2
CHEMBL418204,NC(Cc1cccc(CP(=O)(O)O)c1)C(=O)O,259.198,4,3,0.3187,5,1
CHEMBL23401,NC(=O)c1[nH]c2ccc(Cl)cc2c1[S+]([O-])c1ccccc1,318.78499999999997,2,2,3.0869000000000018,3,3
CHEMBL110339,CN1CC2CC1C[C@H](OC(=O)C(C)(c1ccccc1)c1ccccc1)C2,349.4740000000001,0,3,4.018500000000004,4,2
CHEMBL15078,CCCCC(=O)c1cc2c(c(C(C)(C)C)c1)OCCC2,274.404,0,2,4.682000000000005,4,1
CHEMBL100715,NCC[C@H](NCc1ccccc1)C(=O)N1CCCCC1,275.396,2,3,1.5060999999999996,6,1
CHEMBL55392,C[C@H]1C2Cc3ccc(N4CCN(C)CC4)cc3[C@@]1(C)CCN2CC1CC1,353.55400000000014,0,3,3.372600000000002,3,1
CHEMBL314895,COc1ccc2c(C(=S)N(C)CC(=O)O)cc(F)cc2c1Br,386.242,1,3,3.441900000000002,4,2
CHEMBL430535,CCCCc1c(Cc2ccc(-c3ccccc3-c3nn[nH]n3)cc2)c(C(=O)O)nn1CC(F)(F)F,484.48200000000014,2,5,4.924100000000005,9,4
CHEMBL280023,C[C@@H](O)[C@H]1C(=O)N2C(C(=O)O)=C(S[C@@H]3CN[C@H](CCc4ccc(CN)cc4)C3)[C@H](C)[C@H]12,445.5850000000003,4,6,1.6952999999999998,8,1
CHEMBL441258,CCOc1ccc2c(c1)[nH]c1c3ccc4ccn(C)c4c3c3c(c21)C(=O)NC3=O,383.40700000000015,2,3,4.248300000000003,2,5
CHEMBL15975,O=C(CC(=O)NC1CCOC1=O)Cc1ccc(F)cc1,279.26699999999994,1,4,0.7590999999999994,5,1
CHEMBL6860,CCCCOc1noc2c1CNCC2.Cl,232.711,1,4,1.921,4,1
CHEMBL305453,O=C1Nc2ccccc2C1N1CCN(Cc2ccc(Cl)cc2)CC1,341.84200000000004,1,3,3.1510000000000016,3,2
CHEMBL49320,O=C(CCCCCCC(=O)N1CC[N+]2(CCCC2)CC1)N1CC[N+]2(CCCC2)CC1.[Br-].[Br-],580.4500000000004,0,2,-3.7593999999999985,7,0
CHEMBL26842,Cc1noc(NS(=O)(=O)c2ccc(NC(=O)Nc3ccccc3)cc2)c1C,386.4330000000001,3,5,3.7362400000000022,5,3
CHEMBL317994,N=c1sc2cc(OC(F)(F)F)ccc2n1CCO,278.255,2,4,2.0731699999999997,3,2
CHEMBL280547,COc1cc([C@@H]2c3cc4c(cc3[C@@H](Nc3ccccc3O)[C@H]3COC(=O)[C@H]23)OCO4)cc(OC)c1O,491.4960000000004,3,9,3.931600000000002,5,3
CHEMBL74916,O=C(CCC1=NCCN1)NC(c1ccccc1)C1CCCCC1,313.4450000000002,2,3,3.206100000000001,6,1
CHEMBL17957,CC1(C)OC[C@@H](C/C=C\CCC(=O)O)[C@@H](c2cccs2)O1,310.415,1,4,3.999400000000003,6,1
CHEMBL73262,COC(=O)/C(=C/c1ccc(OC)cc1)c1cc(OC)c(OC)c(OC)c1,358.39000000000016,0,6,3.4346000000000023,7,2
CHEMBL47724,CCC(=O)N(c1ccc(-c2cc(C(F)(F)F)nn2-c2ccc(Cl)cc2)cc1)S(C)(=O)=O,471.8880000000001,0,4,4.914100000000004,5,3
CHEMBL79792,Fc1ccc(-c2nnc3ccncc3n2)cc1F,244.20400000000004,0,4,2.3649999999999993,1,3
CHEMBL92936,CNc1cc2ncnc(Nc3cccc(Br)c3)c2cc1[N+](=O)[O-],374.19800000000015,2,6,4.085800000000002,4,3
CHEMBL286517,O=C(O)c1ccc(OCCc2cncs2)cc1,249.291,1,4,2.4628000000000005,5,2
CHEMBL278215,Cc1ccccc1-c1n[nH]c(-c2ccccc2C)n1,249.317,1,2,3.7555400000000017,2,3
CHEMBL37358,Cc1nc2cnccc2n1CCCOC1CCC(c2ccc(F)cc2)O1,355.41299999999995,0,4,4.163320000000003,6,3
CHEMBL88194,CCOC(=O)C1Cc2c(ccc3ccccc23)OC1=O,270.284,0,4,2.480600000000001,2,2
CHEMBL79111,CCCCOc1ccc(S(=O)(=O)C2(C(=O)NO)CCN(CC)CC2)cc1,384.4980000000002,2,6,1.9991,8,1
CHEMBL279144,CO[C@H]1Nc2c(ccc(C)c2O)C(=O)N2C=C(/C=C/C(N)=O)C[C@@H]12,329.3560000000001,3,5,1.23852,3,1
CHEMBL30145,COc1ccc(/C=C2\Cc3ccccc3C2=O)cc1,250.297,0,2,3.5176000000000016,2,2
CHEMBL7407,COC(=O)c1cccnc1N1CCN(C(=O)c2cc3ccccc3[nH]2)CC1,364.4050000000001,1,5,2.3119000000000005,3,3
CHEMBL39715,COC(=O)CN(C)Cc1c[nH]c2cc3ncnc(Nc4cccc(Br)c4)c3cc12,454.32800000000015,2,6,4.222000000000002,6,4
CHEMBL63592,O=C(/C=C/c1ccc(O)c(O)c1)OC(C(=O)O)C(OC(=O)/C=C/c1ccc(O)c(O)c1)C(=O)O,474.3740000000002,6,10,1.2283999999999995,9,2
CHEMBL45774,CC(Oc1ccc(Cl)cc1)C(=O)OC1CCN(C)CC1,297.78200000000004,0,4,2.744700000000001,4,1
CHEMBL412642,CCCN1CCCC2c3c(O)cccc3CCC21,245.366,1,2,3.296400000000002,2,1
CHEMBL76578,O=C(CO)[C@@H]1CCCN1C(=O)[C@@H]1CCCN1C(=O)NCc1ccccc1,359.42600000000004,2,4,0.9130000000000004,5,1
CHEMBL55033,CCC12CCN(CC3CC3)C(C(=O)c3ccc(O)cc31)C2C,299.41400000000004,1,3,3.3567000000000027,3,1
CHEMBL311812,Cc1cn(CCC(O)CCCO)c(=O)[nH]c1=O,242.275,3,4,-0.6314800000000003,6,1
CHEMBL420803,CC(=O)NCC(=O)N(C)c1ccc(Cl)cc1C(=O)c1ccccc1Cl,379.24300000000005,1,3,3.3233000000000024,5,2
CHEMBL27149,Nc1nc(N)c2nc(CNc3ccc(C(=O)NC(CCP(=O)(O)O)C(=O)O)cc3)cnc2n1,476.3900000000002,7,10,-0.0529000000000001,9,3
CHEMBL278273,CC1(C)OC(/C=C/c2ccnc3ccccc23)=CC1=O,265.312,0,3,3.509800000000002,2,2
CHEMBL10250,CC[C@@]1(O)C(=O)OCc2c1cc1n(c2=O)Cc2cc3c(CN(C)c4ccccc4)c(O)ccc3nc2-1,483.5240000000002,2,7,3.4216000000000024,4,4
CHEMBL38070,COc1ccc(-[n+]2noc([O-])n2)cc1,193.162,0,5,-0.5715000000000006,2,2
CHEMBL279849,COc1cc(COc2cccc(OCc3ccc4ccccc4n3)c2)cc(-c2nn[nH]n2)c1,439.4750000000001,1,7,4.581500000000004,8,5
CHEMBL45472,OCc1cc(Cl)c(-c2ccc(O)cc2)c(-c2ccc(O)cc2)c1,326.77900000000005,3,3,4.577500000000003,3,3
CHEMBL78407,Cc1ccc(S(=O)(=O)NC(=O)Nc2cc(F)c(Cl)c(Cl)c2)cc1,377.2240000000001,2,3,3.9513200000000017,3,2
CHEMBL6392,Cc1cc(O)nc2c3c(ccc12)OC(C)(C)C=C3,241.29,1,3,3.4330200000000017,0,2
CHEMBL330375,CCNC(=O)COC1CC(c2ccccc2)=Nc2cccc(CC)c21,336.4350000000001,1,3,3.9673000000000025,6,2
CHEMBL61607,CNC12CCC(CN)CC1CCc1ccccc12,244.382,2,2,2.4225000000000003,2,1
CHEMBL315347,CC(=O)N/N=C1\CC2(CCNCC2)OC1C,225.29199999999997,2,4,0.4094999999999997,1,0
CHEMBL95724,CSc1ccc(-c2ccccn2)c2c1C(=O)CC(C)C2,283.396,0,3,4.235500000000003,2,2
CHEMBL441039,O=C(COc1ccc(Cl)cc1C(=O)c1ccccc1)Cc1ccccc1,364.8280000000001,0,3,4.761600000000003,7,3
CHEMBL293766,CCn1nc(C(=O)NC2CC3CCC(C2)N3C)c2ccccc21,312.417,1,3,2.4112,3,2
CHEMBL14003,CC(C)NCc1cccc([N+](=O)[O-])c1.Cl,230.695,1,3,2.514600000000001,4,1
CHEMBL52240,O=C(O)CCNC(=O)c1cncc(C(=O)NCCC2CCNCC2)c1,348.40300000000013,4,5,0.4056000000000007,8,1
CHEMBL322357,COc1ccc(CCc2ccccc2)cc1CCN,255.361,1,2,2.9816000000000003,6,2
CHEMBL79797,NC(=O)c1[nH]c2ccc(Cl)cc2c1S(=O)(=O)c1c(Cl)cccc1Cl,403.6740000000001,2,3,4.059800000000001,3,3
CHEMBL308226,O=c1oc2ccc(Cl)cc2c2nc(-c3ccc(Cl)cc3)nn12,332.146,0,4,3.8095000000000017,1,4
CHEMBL87675,O=C1NC(c2ccccc2)CN1S(=O)(=O)c1ccc(Cl)cc1,336.79999999999995,1,3,2.7952000000000012,3,2
CHEMBL91837,COC(=O)CCCCCOc1ccc2[nH]c3nc(O)nc-3cc2c1,329.35600000000005,2,6,2.8805000000000005,7,1
CHEMBL95361,CCCCCCn1cnc2c3cccnc3n(-c3ccccc3)c(=O)c21,346.4340000000001,0,3,4.315700000000003,6,4
CHEMBL325593,COC(=O)C(CNC(C)=O)c1cccc2ccc(OC)cc12,301.34200000000004,1,4,2.241099999999999,5,2
CHEMBL87504,c1ccc(N2CCN(C[C@H]3CC[C@H](c4c[nH]c5ccccc54)CC3)CC2)nc1,374.5320000000002,1,3,4.658900000000004,4,3
CHEMBL285896,CC(C)CC1C(=O)Nc2cc3[nH]c(-c4ccncc4)nc3cc21,306.3690000000001,2,3,3.7067000000000014,3,3
CHEMBL74733,CC(Cn1ccnc1)Cn1c(=O)[nH]c2ccc(Cl)cc2c1=O,318.76400000000007,1,3,1.8759999999999997,4,3
CHEMBL37695,O=C(OP(=O)([O-])C(Cl)(Cl)P(=O)([O-])OC(=O)c1ccccc1)c1ccccc1.[Na+].[Na+],497.07100000000014,0,8,-3.0958999999999985,6,2
CHEMBL22567,Nc1nc(O)c2c(n1)CCC(CO)C2,195.22199999999995,3,5,-0.1384000000000004,1,1
CHEMBL77248,O=c1[nH]/c(=C\c2ccc(OCCCc3cccnc3)cn2)c(=O)[nH]/c1=C\c1ccccc1,426.47600000000006,2,5,1.522399999999999,7,4
CHEMBL91668,CC(=O)NC(CS(=O)(=O)c1ccc(Oc2ccccc2)cc1)C(=O)NO,378.40600000000006,3,6,1.2627,7,2
CHEMBL266244,CC1Cc2cc3c(cc2C(c2ccc(N)cc2)=NN1C(=O)CN(C)C)OCO3,380.4480000000002,1,6,2.0846999999999993,3,2
CHEMBL103988,C/C(=C\c1csc(C)n1)[C@@H]1C[C@H]2OCC[C@H](O)C(C)(C)C(=O)[C@H](C)[C@@H](O)[C@@H](C)CCC[C@H]2O1,479.68300000000033,2,7,4.560820000000004,2,1
CHEMBL958,CC(N)C12CC3CC(CC(O)(C3)C1)C2,195.30599999999995,2,2,1.6649000000000005,1,0
CHEMBL17186,O=C(/C=C/c1c(Cl)cccc1Cl)c1ccccc1,277.15000000000003,0,1,4.889500000000003,3,2
CHEMBL19774,O=[N+]([O-])c1ccccc1N(CCCl)CCCl,263.1239999999999,0,3,2.878800000000001,6,1
CHEMBL10731,C[N+]1(C)CCOC(O)(c2ccccc2)C1,208.281,1,2,0.9383,1,1
CHEMBL30454,CCOC(=O)c1ccc(NC(=O)CCC(=O)OC)cc1,279.2919999999999,1,5,1.755,6,1
CHEMBL60570,O=c1cc(-c2ccccc2)sc2ccc(O)cc12,254.31,1,3,3.634100000000001,1,3
CHEMBL307020,Cc1sc(C(=O)Nc2nn[nH]n2)c(OC(C)C)c1Cl,301.759,2,6,2.2625200000000003,4,2
CHEMBL16347,Cc1c(C)c(C)c(C)c(C)c1C,162.27599999999998,0,0,3.5371200000000025,0,1
CHEMBL86043,COc1cc2c(cc1OC)[C@@H]([C@@H]1C=C(C)C(=O)O1)N(C(=O)OCc1ccccc1)CC2,423.4650000000002,0,6,3.811500000000003,5,2
CHEMBL90346,COc1ccc(Cl)cc1C(=O)CCCCN1CCC2(CC1)NC(=O)NC2=O,393.87100000000015,2,5,2.3756,7,1
CHEMBL82006,N=C(N)c1cccc(Oc2cc(C(=O)O)cc(Oc3cc(C(=N)N)ccc3O)n2)c1,407.3860000000001,6,7,2.638140000000001,7,3
CHEMBL108711,CN1C2CCC1CC(NC(=O)c1cccc3c1CC(C)(C)O3)C2,314.4290000000001,1,3,2.7551000000000014,2,1
CHEMBL291620,CCCN(CCC)C1CCc2c(C)ccc(OC)c2C1,275.43600000000004,0,2,3.982920000000003,6,1
CHEMBL21461,Cc1ccc(O)c(C(=O)Nc2ccc([N+](=O)[O-])cc2)c1,272.26,2,4,2.861120000000001,3,2
CHEMBL111617,C=CCO/N=C(\CCC)C1=C(O)C(C(=O)OC)C(C)(C)CC1=O,323.3890000000001,1,6,2.945400000000001,7,0
CHEMBL298471,Oc1nncc2cncn12,136.11399999999998,1,4,-0.1701000000000001,0,2
CHEMBL413291,CC(=O)OC[C@@]1(O)C[C@@]23CCC4[C@H]5CCO[C@H]5CC[C@@]4(C)C2CCC1C3,362.51000000000016,1,4,3.702200000000002,2,0
CHEMBL89575,CCOC(=O)C1=C(c2ccccc2)N=C(C)/C(=C(/O)OCC)C1c1cccnc1,392.45500000000015,1,6,4.420200000000003,6,2
CHEMBL55034,CC(=O)NC[C@H]1CN(c2ccc(OC3CCCN(C(=O)CO)C3)c(F)c2)C(=O)O1,409.4140000000002,2,6,0.6490999999999998,6,1
CHEMBL6949,Cc1c(NC(=O)Cc2ccc(Cl)cc2)ccc2nc(N)nc(N)c12,341.80200000000013,3,5,2.937219999999999,3,3
CHEMBL430742,O=C(O)c1cc(CCn2cnc3c2NC=NCC3O)cc(-c2ccccc2)c1,376.4160000000001,3,5,2.978200000000001,5,3
CHEMBL7985,COC(=O)c1cc(NC(=O)c2cccs2)ccc1OCC(O)CNC(C)C,392.4770000000002,3,7,2.5247,9,2
CHEMBL70618,Cc1ccc(C(=O)N2CCc3c(n(Cc4ccc(O)cc4)c4ccccc34)C2)cc1,396.4900000000001,1,2,4.9021200000000045,3,4
CHEMBL21843,CN(C/C=C/C(=O)O)Cc1cccc2ccccc12,255.317,1,2,2.9124000000000017,5,2
CHEMBL284671,COc1ccc2c3c1O[C@H]1[C@@H](O)C=C[C@H]4[C@@H](C2)N(C)CC[C@@]341.O=S(=O)(O)O,397.4490000000002,3,6,0.8483,1,1
CHEMBL80409,C[C@H]1OC(=O)C23CCC4C(CCC5=CC(=O)CCC54C)C2CCC13,328.45200000000006,0,3,4.059900000000003,0,0
CHEMBL72141,CC(C)COC[C@]12CC3C(C)CCC3[C@@]3(C=O)CC1C=C(C(C)C)[C@@]23C(=O)O,388.5480000000001,1,3,4.583600000000004,7,0
CHEMBL299878,O=C(O)CCCCCC[C@@H]1C2CCC(C2)C1c1cccnc1,301.43,1,2,4.636500000000004,8,1
CHEMBL411601,CC(=O)NC(C(=O)N1CCSCC1)[C@H]1CC(C(=O)O)C[C@@H]1N=C(N)N,371.4630000000001,4,5,-1.1806999999999963,5,0
CHEMBL273631,CC1CCC(=NNc2cc([N+](=O)[O-])cc([N+](=O)[O-])c2)c2ncc(C(=O)O)c(=O)n21,402.32300000000015,2,9,1.9288999999999996,5,2
CHEMBL63922,N#C/C(=C(\c1ccccc1)c1ccc(O)cc1)c1ccc(O)cc1,313.356,2,3,4.580480000000004,3,3
CHEMBL297462,Cc1cn(C2CC(F)C(COS(C)(=O)=O)O2)c(=O)[nH]c1=O,322.314,1,6,-0.5531799999999991,4,1
CHEMBL84203,COC(=O)N[C@H]1C(=O)N2C(C(=O)OC(C)(C)C)=C(COC(C)=O)CS[C@H]12,386.4260000000001,1,8,0.7849999999999995,4,0
CHEMBL303362,CN1C(=O)Nc2cc(Cl)c(Cl)cc2C12NC(=O)NC2=O,315.11600000000004,3,3,1.4628999999999996,0,1
CHEMBL284069,O=C(OCCCCc1ccccc1)[C@@H]1CCCN1C(=O)NC12C[C@H]3C[C@@H](C1)C[C@@H](C2)C3,424.5850000000003,1,3,4.695300000000004,7,1
CHEMBL68908,Nc1nc(O)c2ncn([C@H]3C[C@H](O)[C@@H](CO)O3)c2n1,267.24499999999995,4,8,-1.2452000000000003,2,2
CHEMBL72535,C=CCN1C(=O)c2cccnc2Nc2ccccc21,251.289,1,3,2.971400000000001,2,2
CHEMBL63355,CC(C)S(=O)(=O)N[C@@H]1CCC[C@@H]1c1ccc(I)cc1,393.29,1,2,3.2551000000000023,4,1
CHEMBL308324,CCn1cc(C(=O)O)c(=O)c2cc(F)c(N3CCN(C/C(=N\O)c4ccc(F)cc4)CC3)c(F)c21,488.4660000000002,2,6,3.1374000000000013,6,3
CHEMBL31662,CCc1ccc(-c2ccc3c(c2)C(=O)c2ccccc2[C@@H]2[C@H](C(=O)O)[C@H](C(=O)O)[C@H]32)cc1,426.4680000000002,2,3,4.743000000000003,4,3
CHEMBL68781,CC1(C)CCSc2ccc(NC(=O)c3ccc(C(=O)O)cc3)cc21,341.4320000000001,2,3,4.4105000000000025,3,2
CHEMBL293235,CCC(C)c1cc(C)c2c(c1O)C(NC(=O)CN1CCN(c3ccccc3)CC1)CC2,421.58500000000026,2,4,4.139820000000004,6,2
CHEMBL104870,CC(Cc1ccccc1)(C(=O)NO)C(=O)N1CCc2ccccc2C1,338.40700000000004,2,3,2.3257000000000003,4,2
CHEMBL305243,CCN1c2ccc(O)cc2N(C)C(=O)c2cccnc21,269.304,1,4,2.535200000000001,1,2
CHEMBL284053,Nc1ccc2c(c1)CN1CC(=O)NC1=N2,202.217,2,4,0.2017,0,1
CHEMBL274709,CCc1ccccc1-c1n[nH]c(-c2ccc3c(c2)OCO3)n1,293.326,1,4,3.429800000000002,3,3
CHEMBL60803,c1cc(N2CCNCC2)c2[nH]ccc2c1,201.273,2,2,1.5775,1,2
CHEMBL87726,CN1CCN(C2=Nc3cc(F)c(F)cc3Nc3nn(C)cc32)CC1,332.3580000000001,1,5,2.081,0,2
CHEMBL21129,COCc1ccc2c(c1)C(=O)c1ccccc1C2=O,252.269,0,3,2.6084000000000005,2,2
CHEMBL312777,COc1cc(C(F)(F)F)ccc1C(O)(Cn1cncn1)Cn1cncn1,368.3190000000001,1,6,1.484999999999999,6,3
CHEMBL294754,CC(C)n1nc(C(=O)NCCN2CCOCC2)c2ccccc21,316.4049999999999,1,4,1.6791999999999996,5,2
CHEMBL104777,O=C(C(=O)C(F)(F)F)c1ccccc1,202.13100000000009,0,2,2.0006999999999997,2,1
CHEMBL1160551,C=C(CCC)CCOP(=O)(O)OP(=O)(O)O,274.14599999999996,3,4,1.9591000000000016,8,0
CHEMBL67759,CS(=O)(=O)c1ccc(-c2occ(Cl)c(=O)c2-c2ccc(F)cc2F)cc1,396.79800000000006,0,4,4.308900000000002,3,3
CHEMBL68551,NC(=O)[C@H](Cc1ccccc1)C[C@H](O)[C@H](Cc1ccccc1)NC(=O)c1cnc2ccccc2n1,468.5570000000002,3,5,3.0661000000000005,10,4
CHEMBL71361,Nc1ncc(CC(=O)O)s1,158.182,2,4,0.3524000000000002,2,1
CHEMBL83121,CC(=O)NC[C@H]1CN(c2ccc(C(C)O)cc2)C(=O)O1,278.30800000000005,2,4,1.2011999999999998,4,1
CHEMBL43787,O=C(O)CC(NC(=O)C(F)(F)F)C(=O)Nc1cccc(Cl)c1,338.669,3,3,1.8002999999999996,5,1
CHEMBL417615,CC12C(=CC(=O)C3CC31)[C@@H]1C[C@@H]1C1C2CCC2(C)C1CCC21CCC(=O)O1,366.5010000000002,0,3,4.305900000000004,0,0
CHEMBL12099,CCCCN(CCCC)C1Cc2cccc3nc(O)n(c23)C1,301.434,1,3,3.568800000000002,7,2
CHEMBL308044,COc1ccc(/C(=C\c2cc(OC)c(OC)c(OC)c2)C(=O)O)cc1,344.36300000000006,1,5,3.3462000000000014,7,2
CHEMBL21146,O=NN(CCCl)C(=O)NC(Cc1c[nH]c2ccccc12)C(=O)NCCCl,400.2660000000002,3,4,2.3658,9,2
CHEMBL305651,Cn1cc[n+](CC(=O)c2ccc(C#N)cc2)c1.[Br-],306.163,0,2,-1.9288199999999975,3,2
CHEMBL276270,O=C(O)c1cnc2n1-c1ccccc1OC2,216.196,1,3,1.4629,1,2
CHEMBL98394,CCc1cc(NCc2nc3ccccc3[nH]2)c(O)nc1C,282.3470000000001,3,4,3.146420000000001,4,3
CHEMBL47990,CCCCCC(=O)N1CSC[C@H]1C(=O)N1CCCC1,284.42500000000007,0,3,2.0906,5,0
CHEMBL67956,O=C[C@H](CC(=O)O)NC(=O)c1ccncc1,222.2,2,4,-0.1464000000000007,5,1
CHEMBL103650,Oc1ccc2c(c1)CCN(c1ccccc1)C2c1ccc(F)cc1,319.379,1,2,4.683400000000003,2,3
CHEMBL9966,O=C1CCC(c2ccccc2)(C2CCN(Cc3ccccc3Cl)CC2)C(=O)N1,396.91800000000006,1,3,3.9266000000000023,4,2
CHEMBL298425,COC1=C(O)C(=O)OC1C(O)CO,190.151,3,6,-1.3190000000000002,3,0
CHEMBL79007,O=C(Nc1ccc(Cl)c(Cl)c1)NS(=O)(=O)c1ccc2c(c1)CCC2,385.2720000000002,2,3,3.9925000000000024,3,2
CHEMBL295000,Cc1cccc(NC(=N)N)c1,149.197,3,1,1.30039,1,1
CHEMBL45878,OCc1cc(Br)c(-c2ccc(O)cc2)c(-n2cccc2)c1,344.208,2,2,4.104700000000003,3,3
CHEMBL109167,Cc1cc2cc(O)c(O)cc2c(C)c1-c1ccccc1,264.32399999999996,2,2,4.5348400000000035,1,3
CHEMBL16988,N#CCCN1N=C(c2ccc(OCc3ccc([N+](=O)[O-])cc3)cc2)OCC1=O,380.3600000000001,0,7,2.6078800000000006,7,2
CHEMBL297349,C[C@H](C[C@H](O)[C@H](Cc1ccccc1)NC(=O)OC(C)(C)C)C(=O)N[C@H]1c2ccccc2C[C@H]1O,468.5940000000002,4,5,3.284000000000002,8,2
CHEMBL422582,C#CCn1c(=O)n(CCN2CCN(c3ccccc3OC)CC2)c(=O)c2cscc21,424.52600000000024,0,6,1.6886999999999994,6,3
CHEMBL290940,Oc1nc(-c2cccnc2)no1,163.136,1,5,0.8371999999999999,1,2
CHEMBL66620,Clc1ccc2ncnc(NCc3ccc4c(c3)OCO4)c2c1,313.7440000000001,1,5,3.6240000000000014,3,3
CHEMBL48924,CC(=O)N1c2ccccc2-n2cnc(-c3noc(C4CC4)n3)c2C1(C)C,349.3940000000002,0,5,3.4013000000000018,2,3
CHEMBL41923,CC(COc1ccc(-c2ccc(C#N)cc2)cc1)C(=O)NO,296.326,2,4,2.7455799999999995,5,2
CHEMBL22652,O=C(O)CN(C(=O)CCS)c1ccccc1,239.296,2,3,1.4241,5,1
CHEMBL70901,Nc1ccc(C2(C3CCCCC3)CCC(=O)NC2=O)cc1,286.37499999999994,2,3,2.5235000000000003,2,1
CHEMBL287217,c1ccc(CN2CCC(n3cnc(-c4ccccc4)c3)CC2)cc1,317.4360000000001,0,2,4.3872000000000035,4,3
CHEMBL73620,O=c1[nH]c2c(Cl)cccc2c(=O)n1CCCCn1ccnc1,318.76399999999995,1,3,2.0201,5,3
CHEMBL311225,CCCN(C)C1CCc2n[nH]cc2C1,193.294,1,2,1.6087999999999998,3,1
CHEMBL97376,Cc1sc2nc(Cl)c(/C=N/N=C(N)N)n2c1C,270.749,2,4,1.27334,2,2
CHEMBL20487,COc1ccc(S(=O)(=O)N(Cc2sccc2Oc2ccccc2)[C@H](C)C(=O)NO)cc1,462.54900000000015,2,7,3.633800000000001,9,3
CHEMBL40745,CCc1c(Cl)cc2nc(O)c(O)nc2c1[N+](=O)[O-],269.644,2,6,2.165000000000001,2,2
CHEMBL15664,Cc1nn(-c2ccccc2)c2nc3nc4c(c(N)c3cc12)CCCC4,329.40700000000015,1,4,3.738120000000002,1,4
CHEMBL287464,C[C@@H]1NC(=O)CCCCCC[C@@H](C(=O)O)NC(=O)[C@H](C)NC1=O,327.3810000000001,4,4,-0.0805999999999981,1,0
CHEMBL275793,Cn1c(=O)c2nc(-c3ccc4ccccc4c3)[nH]c2n(C)c1=O,306.3250000000001,1,3,1.7804999999999995,1,4
CHEMBL81405,CSCOC1(C)COC(C)(CC(=O)O)C1,234.31699999999995,1,4,1.7359,5,0
CHEMBL17437,CC(C)NCc1ccc([C@H]2C[C@H](SC3=C(C(=O)O)N4C(=O)[C@H]([C@@H](C)O)[C@H]4[C@H]3C)CN2)cc1,459.61200000000014,4,6,2.4745,8,1
CHEMBL51560,COc1ccc(N2CCN(CCn3c(=O)[nH]c4ccsc4c3=O)CC2)cc1,386.47700000000015,1,6,1.5820999999999996,5,3
CHEMBL91785,COc1cc(C)ccc1N1CCN(CCCNc2ncccc2C(=O)N(C)C)CC1,411.5500000000001,1,6,2.7246200000000007,8,2
CHEMBL69753,[O-][s+]1nc(Nc2cc(Cl)cc(Cl)c2)c(NC2CCCC2)n1,345.25500000000017,2,5,4.6091000000000015,4,2
CHEMBL75753,O=C(NCCNCC(O)COc1ccc(O)cc1)N1CCOCC1,339.3920000000002,4,6,-0.2366999999999992,8,1
CHEMBL432316,CCC(CC)n1cc2c3c(cccc31)C1CC(C(=O)OCCO)CN(C)C1C2,384.5200000000002,1,4,3.4979000000000013,6,2
CHEMBL52425,CCc1cc(C(C)=O)c(O)cc1OCCCCCCS(C)(=O)=O,342.45700000000005,1,5,3.141000000000002,10,1
CHEMBL70942,O=c1c2c(O)c(O)ccc2c2cc(O)c(O)cc2n1Cc1ccccc1,349.34200000000004,4,5,3.025400000000002,2,4
CHEMBL35023,COc1cc2c(cc1OC)-c1cc(Nc3ccc(O)cc3)nc(=O)n1CC2,365.3890000000001,2,6,2.932800000000001,4,3
CHEMBL286057,O=C(O)Cc1ccccc1Oc1cc(Cl)cc(Cl)c1,297.13699999999994,1,2,4.4128000000000025,4,2
CHEMBL288463,Cc1ccc(NC(=O)c2cccc(N)c2)cc1C,240.306,2,2,3.1379400000000013,2,2
CHEMBL94275,O=[N+]([O-])c1ccc2c(Nc3cccc(Br)c3)ncnc2c1,345.156,1,5,4.044100000000001,3,3
CHEMBL19290,C[C@@H](N)C1CCCCC1,127.231,1,1,1.9139,1,0
CHEMBL59269,COc1ccc(-c2nc3cc(C(=O)O)ccc3[nH]2)cc1OC1CC2CCC1C2,378.4280000000002,2,4,4.504100000000003,5,3
CHEMBL43476,C[C@H]1O[C@H](CN(C)C)CS1,161.27,0,3,1.0259999999999998,2,0
CHEMBL279895,CCC#Cc1noc(C2CN=CNC2)n1.O=C(O)C(F)(F)F,318.25499999999994,2,6,1.1795,1,1
CHEMBL329280,Cn1cc(-c2ccc3c(c2)c(C2CCN(CCN4CCNC4=O)CC2)cn3-c2ccc(F)cc2)cn1,486.59500000000014,1,3,4.374700000000003,6,4
CHEMBL66972,O=C(NC1CC2CCC(C1)N2Cc1ccccc1)n1c(=O)[nH]c2ccccc21,376.4600000000001,2,3,3.0829000000000013,3,3
CHEMBL71483,CC(C)(N)CC1CCN(C(=O)[C@](O)(c2ccccc2)[C@@H]2CCC(F)(F)C2)CC1,394.50600000000026,2,3,3.675600000000002,5,1
CHEMBL448414,Clc1ccc(C2CCc3cccnc3O2)cc1Cl,280.154,0,2,4.454700000000002,1,2
CHEMBL27165,COc1ccc(Cc2cc(C3CCN(C(=O)c4ccccc4)CC3)nc(N)n2)cc1,402.4980000000001,1,5,3.6780000000000017,5,3
CHEMBL733,O=P1(NCCCl)OCCC(O)N1CCCl,277.08799999999997,2,3,1.2024,5,0
CHEMBL102018,Cc1ccc([C@H]2C[C@H]3CCC4C2C(=O)CN43)cc1,241.334,0,2,2.514220000000001,1,1
CHEMBL35313,O=C1Cc2ccc(C3CCCCC3)cc2O1,216.27999999999992,0,2,3.195800000000002,1,1
CHEMBL288268,Nc1nc(O)c2ncn(COCCNCCO)c2n1,268.27699999999993,4,8,-1.3298999999999994,7,2
CHEMBL306818,CCOC(=O)c1c(O)c2cccnc2n(CC)c1=O,262.265,1,5,1.2987,3,2
CHEMBL28810,COc1cc2cc(O)nc(C)c2c(OC)c1OC,249.26599999999996,1,5,2.2746200000000005,3,2
CHEMBL297650,CNC(=O)Nc1c(OCCN2CCCCC2)cc2occc2c1OC,347.415,2,5,3.0574000000000012,6,2
CHEMBL299165,COc1cc(OC)cc(-n2c3nc(=O)n(C)c(=O)c-3nc3ccccc32)c1,364.3610000000001,0,6,1.6013999999999995,3,2
CHEMBL64067,CN(C)CC/C=C1/c2ccccc2COc2ccc(C(=O)O)cc21,323.39200000000005,1,3,3.6606000000000023,4,2
CHEMBL41053,COc1ccc2c(c1)COP(=O)(OC[C@@H]1C=C[C@H](n3cnc4c(N)ncnc43)O1)O2,431.34500000000014,1,10,2.6045999999999996,5,3
CHEMBL418718,CCc1ccc(N/N=C2\CCC(C)n3c2ncc(C(=O)O)c3=O)cc1,340.38300000000004,2,5,2.6749,4,2
CHEMBL435182,O=C1Cc2c(OCCNCc3ccccc3)ccc(Cl)c2N1,316.78800000000007,2,3,3.0032000000000005,6,2
CHEMBL328253,O=C(O)COc1ccc(C(=O)/C=C/c2ccc(I)cc2)cc1,408.191,1,3,3.6507000000000023,6,2
CHEMBL34312,C=CCn1cc(/C=N/O)[n+](C)c1.[I-],293.10799999999995,1,2,-2.6892999999999976,3,1
CHEMBL293312,CC(C)(C)OC(=O)CN(Cc1ccccc1)[C@H]1c2cc(C#N)ccc2OC(C)(C)[C@@H]1O,422.5250000000002,1,6,3.975180000000004,5,2
CHEMBL81890,CC(=O)N[C@@H](CCCN=C(N)N)C(=O)N[C@@H](C)C(=O)NO,302.335,6,5,-2.4451999999999954,8,0
CHEMBL55631,C[C@H]([C@@H]1O[C@H]1C[C@H]1CO[C@@H](CC(=O)CC(=O)c2cnn(C)c2)[C@H](O)[C@@H]1O)[C@H](C)O,410.467,3,8,-0.1366999999999992,9,1
CHEMBL96960,CC(C)n1c(=O)n(C(=O)NCN2CCN(C)CC2)c2ccccc21,331.42,1,4,1.1465000000000003,3,2
CHEMBL17709,CN(C)CC(=O)N1c2ccccc2C(=O)Nc2cccnc21,296.33000000000004,1,4,1.8735999999999997,2,2
CHEMBL97787,COc1ccc(-c2nc3cc(-c4nc5cc([N+](=O)[O-])ccc5[nH]4)ccc3[nH]2)cc1,385.383,2,5,4.690000000000003,4,5
CHEMBL79801,C=C(CC)C(=O)c1ccc(OCCN(CC)CC)c(Cl)c1Cl,344.2819999999999,0,3,4.862900000000005,9,1
CHEMBL35758,COc1cc(C(=N)N)ccc1OC/C=C/COc1ccc(C(=N)N)cc1OC,384.4360000000001,4,6,2.28594,10,2
CHEMBL23317,CCC(C)(O)C#Cc1nc(Nc2ccc(OC)cc2)c2ncn(C(C)C)c2n1,379.4640000000001,2,6,3.6719000000000026,5,3
CHEMBL97779,C[C@H]1CN(Cc2ccccc2)CC[C@@]1(C)c1cccc(O)c1,295.426,1,2,4.191900000000004,3,2
CHEMBL103484,O=CC(c1ccc2c(c1)OCO2)c1c2ccccc2nc2ccccc12,341.36600000000004,0,4,4.4475000000000025,3,4
CHEMBL25174,O=C(O)c1ccc(N[C@@H]2OC[C@@H](O)C(O)[C@@H]2O)cc1,269.253,5,6,-0.7643000000000009,3,1
CHEMBL41971,CCN1CCN(C2=Nc3ccccc3Oc3cscc32)CC1,313.42600000000016,0,5,3.569600000000002,1,2
CHEMBL98103,Nc1nc(O)c2nc(C#Cc3ccccc3)cnc2n1,263.26,2,6,1.1074,0,3
CHEMBL38589,C=C(C)CN1CC[N+]2(CCCC2)CC1.[Br-],275.2339999999999,0,1,-1.5072999999999956,2,0
CHEMBL80635,CCCN[C@@H]1Cc2c[nH]nc2C[C@H]1CCCO,237.34699999999992,3,3,1.2651999999999997,6,1
CHEMBL290508,I.Nc1nc2c(s1)Cc1c(OC(=O)C3CCCC3)cccc1-2,428.29500000000024,1,5,4.010100000000002,2,2
CHEMBL49351,COc1ccc(C2(Cc3ccncc3)C(=O)N(C(=O)N(C)C)c3ccccc32)cc1OC1CCCC1,485.58400000000034,0,5,4.968600000000005,6,3
CHEMBL25493,CN1CCC[C@@]12CCCC[C@@H]2NC(=O)Cc1ccc(Cl)c(Cl)c1,355.3090000000001,1,2,4.059100000000003,3,1
CHEMBL52487,CC(=O)NCC1O[C@@H](Oc2ccccc2)[C@@H](O)C(O)[C@@H]1O,297.307,4,6,-0.9909000000000006,4,1
CHEMBL87083,Oc1cc(O)c2cc(-c3ccncc3)cnc2c1,238.246,2,4,2.708000000000001,1,3
CHEMBL79846,COC(=O)[C@@H]1C(/C=N/O)=Cc2cc3c(cc2[C@H]1c1cc(OC)c(OC)c(OC)c1)OCO3,441.4360000000003,1,9,3.2192000000000016,6,2
CHEMBL9993,CCCN1CCC[C@H]2c3cccnc3CC[C@H]21,230.355,0,2,2.985800000000002,2,1
